ID;nombre;MCOD
U1011;Azurduy;U101101
U1011;Rodeo Grande;U101102
U1012;Abra Ckasa;U101201
U1012;Capactala;U101202
U1012;El Salto;U101203
U1012;Inca Pampa;U101204
U1012;Molleni;U101205
U1012;Mosoj Llajta;U101206
U1012;Pampa Huasi;U101207
U1012;San Miguel de Marcavi;U101208
U1012;San Pedro;U101209
U1012;Tarvita;U101210
U1012;Visanche;U101211
U1021;Jahue;U102101
U1021;Lampasillos;U102102
U1021;Lampazos;U102103
U1021;Mendoza;U102104
U1021;Nuevo Mundo;U102105
U1021;Pampas del Tigre;U102106
U1021;Peña Blanca;U102107
U1021;Trampa Mayu;U102108
U1021;Urriolagoitia;U102109
U1021;Villa Serrano;U102110
U1021;Yunguillas;U102111
U1021;Zamora;U102112
U1031;Añimbo;U103101
U1031;Huacareta;U103102
U1031;Piraycito;U103103
U1031;Rosario del Ingre;U103104
U1031;Uruguay;U103105
U1032;Candua;U103201
U1032;Chapi Mayu;U103202
U1032;Comunidad 16 de Febrero;U103203
U1032;Cruce Piraymiri;U103204
U1032;El Rodeo;U103205
U1032;Ingavi;U103206
U1032;Monteagudo;U103207
U1032;Roldana;U103208
U1032;San Juan del Pirai;U103209
U1032;San Miguel del Bañado;U103210
U1032;San Pedro del Zapallar;U103211
U1032;Villa Fernandez;U103212
U1041;Huacaya;U104101
U1041;Santa Rosa;U104102
U1042;Camatindi;U104201
U1042;Carandayti;U104202
U1042;Ivo;U104203
U1042;Machareti;U104204
U1042;Machareti Estacion;U104205
U1042;Ñancorainza;U104206
U1042;Tiguipa Estacion;U104207
U1042;Tiguipa Pueblo;U104208
U1043;Cerrillos;U104301
U1043;Cumandayti;U104302
U1043;Iguembe;U104303
U1043;La Tapera;U104304
U1043;Monte Grande;U104305
U1043;Muyupampa;U104306
U1043;Ticucha;U104307
U1051;Cachuyo;U105101
U1051;Camargo;U105102
U1051;Carusla;U105103
U1051;Cueva Pampa;U105104
U1051;Huaca Cancha;U105105
U1051;La Plateada;U105106
U1051;Muyuquiri;U105107
U1051;Patapampa;U105108
U1051;Quitucancha Condoriri;U105109
U1051;Saca Pampa;U105110
U1051;Suquistaca;U105111
U1051;Tacomayo;U105112
U1052;Chillajara;U105201
U1052;Entre Rios;U105202
U1052;Huajlaya;U105203
U1052;Incahuasi;U105204
U1052;Jolencia;U105205
U1052;Portillo;U105206
U1053;Andamarca;U105301
U1053;Chiñimayu;U105302
U1053;Cinteño Tambo;U105303
U1053;Corma;U105304
U1053;Huayllani Chico;U105305
U1053;Malliri;U105306
U1053;Ocuri;U105307
U1053;Padcoyo;U105308
U1053;Palacio Tambo;U105309
U1053;Payacota del Carmen;U105310
U1053;San Lucas;U105311
U1053;Sivinga Mayu;U105312
U1054;Centro Villa Charcas;U105401
U1054;Palcapata;U105402
U1054;Pucara;U105403
U1054;San Antonio;U105404
U1054;Santa Elena;U105405
U1054;Villa Charcas;U105406
U1061;Piocera;U106101
U1061;Pojpo;U106102
U1061;Poroma;U106103
U1061;San Juan de Orcas;U106104
U1061;Sapse;U106105
U1062;Azari Baja;U106201
U1062;Bella Vista;U106202
U1062;Chacarilla Mosojllajta;U106203
U1062;Chullpas;U106204
U1062;Chuqui Chuqui;U106205
U1062;Compuerta;U106206
U1062;El Chaco;U106207
U1062;Guerra Loma;U106208
U1062;Kacha Kacha;U106209
U1062;Khochis;U106210
U1062;Kuchu Tambo;U106211
U1062;La Barranca;U106212
U1062;La Palma;U106213
U1062;Mojotoro;U106214
U1062;Mojtulo;U106215
U1062;Ovejerias;U106216
U1062;Paredon;U106217
U1062;Porongo;U106218
U1062;Potolo;U106219
U1062;Sacopaya;U106220
U1062;Sotani;U106221
U1062;Sucre;U106222
U1062;Surima;U106223
U1062;Tajchi;U106224
U1062;Tambo Kasa;U106225
U1062;Tapial;U106226
U1062;Teja Huasi;U106227
U1062;Tokio;U106228
U1063;Bajo Campanario;U106301
U1063;Cachimayu;U106302
U1063;Cantu Ñucchu;U106303
U1063;Carvajal;U106304
U1063;Cortijo;U106305
U1063;Huayllas;U106306
U1063;La Calera;U106307
U1063;Molle Molle;U106308
U1063;Mosoj Llacta;U106309
U1063;Palamana;U106310
U1063;Pitantorilla;U106311
U1063;Salancachi;U106312
U1063;San Isidro de Anfaya;U106313
U1063;Santa Rosalia;U106314
U1063;Tambo Aqhachilla;U106315
U1063;Tasapampa;U106316
U1063;Tipaka;U106317
U1063;Uñala;U106318
U1063;Villa el Carmen;U106319
U1063;Villa Santa Rosa;U106320
U1063;Yotala;U106321
U1063;Yotalilla;U106322
U1071;Culpina;U107101
U1071;El Palmar;U107102
U1071;Sajlina;U107103
U1071;Villa Flores;U107104
U1072;Huturi;U107201
U1072;Impora;U107202
U1072;La Torre;U107203
U1072;Las Carreras;U107204
U1072;Lime;U107205
U1072;Santa Rosa;U107206
U1073;Villa Abecia;U107301
U1081;Alcala;U108101
U1081;Lima Bamba Centro;U108102
U1082;El Villar;U108201
U1082;La Revuelta;U108202
U1082;Rodeito;U108203
U1083;Lampacillos;U108301
U1083;Padilla;U108302
U1083;Thiyumayu;U108303
U1084;Amancaya;U108401
U1084;Pampas Punta;U108402
U1084;Sopachuy;U108403
U1085;Arquillos;U108501
U1085;Corso;U108502
U1085;Potreros;U108503
U1085;Rodeo Porvenir;U108504
U1085;Tarabuquillo;U108505
U1085;Tomina;U108506
U1091;Cayambuco;U109101
U1091;Chuao Pampa;U109102
U1091;Cienega;U109103
U1091;Cororo;U109104
U1091;Cusi Huasi;U109105
U1091;Miskhamayu;U109106
U1091;Morado Ckassa;U109107
U1091;Pajcha;U109108
U1091;Puca Puca;U109109
U1091;Rincon Lupiara;U109110
U1091;San Antonio de Toca;U109111
U1091;Sarufaya;U109112
U1091;Surima Chica;U109113
U1091;Tarabuco;U109114
U1091;Tarcaui Baja;U109115
U1091;Vila Vila;U109116
U1092;Alcantari;U109201
U1092;Escana;U109202
U1092;La Mendoza;U109203
U1092;Lavadero;U109204
U1092;Molle Punku;U109205
U1092;Paccha Pata;U109206
U1092;Pulqui Avaroa;U109207
U1092;Quiraguani;U109208
U1092;Sotomayor;U109209
U1092;Yamparaez;U109210
U1101;Icla;U110101
U1101;Jatun Mayu;U110102
U1102;Casa Grande;U110201
U1102;Churicana;U110202
U1102;Mojocoya;U110203
U1102;Quivale;U110204
U1102;Redencion Pampa;U110205
U1102;Yacambe;U110206
U1103;El Peral;U110301
U1103;Molani;U110302
U1103;Pasopaya;U110303
U1103;Presto;U110304
U1103;Presto Porvenir;U110305
U1103;Tomoroco;U110306
U1104;Capilla Llave;U110401
U1104;Cerezal;U110402
U1104;Zudañez;U110403
U2011;Carmen Tahua;U201101
U2011;El Tigre Alto Madidi;U201102
U2011;Ixiamas;U201103
U2012;Buena Vista;U201201
U2012;La Esmeralda;U201202
U2012;San Buenaventura;U201203
U2012;San Jose de Uchupiamonas;U201204
U2012;Tumupasa;U201205
U2021;Alto Pomani;U202101
U2021;Ayo Ayo;U202102
U2021;Pomasara Mamaniri;U202103
U2021;Santa Rosa Lima;U202104
U2021;Tolar;U202105
U2021;Villa el Carmen;U202106
U2022;Ajoya;U202201
U2022;Calamarca;U202202
U2022;Cañuma;U202203
U2022;Cosmini;U202204
U2022;Panzuri;U202205
U2022;San Antonio;U202206
U2022;Sivicani;U202207
U2022;Totorani;U202208
U2022;Vilaque Copata;U202209
U2022;Villa el Carmen Caluyo;U202210
U2023;Collana;U202301
U2023;Uncallamaya;U202302
U2024;Colquencha;U202401
U2024;Escohoco;U202402
U2024;Machacamarca;U202403
U2024;Marquirivi;U202404
U2024;Micaya;U202405
U2024;Santiago de Llallagua;U202406
U2025;Aranzaya;U202501
U2025;Chairumani;U202502
U2025;Chiaraque;U202503
U2025;Kata Katani;U202504
U2025;Patacamaya;U202505
U2025;Villa Esperanza;U202506
U2025;Villa Patarani;U202507
U2025;Viscachani;U202508
U2026;Angostura;U202601
U2026;Ayamaya;U202602
U2026;Belen;U202603
U2026;Cala Cala;U202604
U2026;Catavi;U202605
U2026;Chijmuni;U202606
U2026;Colpapucho Belen Alto;U202607
U2026;Conchamarca;U202608
U2026;Huanocollo;U202609
U2026;Imilla Imilla;U202610
U2026;Jaruma;U202611
U2026;Konani;U202612
U2026;Kulluhuma;U202613
U2026;Lahuachaca;U202614
U2026;Lequepampa;U202615
U2026;Machacamarca;U202616
U2026;Panduro;U202617
U2026;Pucara;U202618
U2026;Sica Sica;U202619
U2026;Taruca Marca;U202620
U2026;Villa Esteban Arce;U202621
U2027;Cañaviri;U202701
U2027;Caylla Huancarama;U202702
U2027;Finaya;U202703
U2027;Huancarama;U202704
U2027;Iramaya;U202705
U2027;Llanga Belen;U202706
U2027;Puerto Huari Belen;U202707
U2027;Pusucani;U202708
U2027;San Jose;U202709
U2027;San Juan de Sirca;U202710
U2027;San Miguel de Copani;U202711
U2027;Sub Central Santiago de Ventilla;U202712
U2027;Toloma;U202713
U2027;Umacuru;U202714
U2027;Umala;U202715
U2027;Villa Remedios;U202716
U2027;Villa Romero Pampa;U202717
U2031;Amarete;U203101
U2031;Chacahuaya;U203102
U2031;Chajaya;U203103
U2031;Charazani;U203104
U2031;Chullina;U203105
U2031;Mayopampa;U203106
U2031;Santa Rosa de Caata;U203107
U2032;Alpaquero Marka Cañuhuma;U203201
U2032;Curva;U203202
U2032;Lagunillas;U203203
U2032;Upinhuaya;U203204
U2041;Escoma;U204101
U2042;Humanata;U204201
U2043;Chojasquia;U204301
U2043;Italaque;U204302
U2043;Mocomoco;U204303
U2043;Pacaures;U204304
U2043;Pacobamba;U204305
U2043;Salapata;U204306
U2043;Saphia;U204307
U2043;Tajani;U204308
U2043;Villa Rosario de Wilacala;U204309
U2043;Yocarhuaya;U204310
U2043;Zepita Huyo;U204311
U2044;Junta de Vecinos Wirupaya;U204401
U2044;Puerto Acosta;U204402
U2044;Taypi Chiñaya;U204403
U2045;Ambana;U204501
U2045;Chaguaya Centro;U204502
U2045;Cooñata;U204503
U2045;Puerto Carabuco;U204504
U2045;Sisasani;U204505
U2051;San Antonio;U205101
U2051;Sararia;U205102
U2051;Suapi Kilometro 73;U205103
U2051;Villa Unificada Caserio Nueve;U205104
U2052;Alcoche;U205201
U2052;Alto Illimani;U205202
U2052;Calama;U205203
U2052;Caranavi;U205204
U2052;Carrasco la Reserva;U205205
U2052;Chojña;U205206
U2052;Choro;U205207
U2052;Flor de Mayo;U205208
U2052;Incahuara;U205209
U2052;Jose Carrasco;U205210
U2052;San Pablo;U205211
U2052;Santa Fe;U205212
U2052;Taypiplaya;U205213
U2052;Villa Elevacion 3ra;U205214
U2061;Apolo;U206101
U2061;Mohima;U206102
U2061;Santa Cruz del Valle Ameno;U206103
U2061;Yuyo Franz Tamayo;U206104
U2062;Agua Blanca;U206201
U2062;Antaquilla;U206202
U2062;Campamento Minero Rayo Rojo;U206203
U2062;Central Suches Jajpo Kollo;U206204
U2062;Cololo Katantika;U206205
U2062;Hichicollo;U206206
U2062;Hilo Hilo;U206207
U2062;Huacochani;U206208
U2062;Pelechuco;U206209
U2062;Puyo Puyo;U206210
U2062;Puyo Puyo Alto;U206211
U2062;Ulla Ulla;U206212
U2071;Catacora;U207101
U2071;Pairumani Grande;U207102
U2071;Parachi;U207103
U2071;Tolacollo;U207104
U2072;Berenguela;U207201
U2072;Huaripujo Arriba;U207202
U2072;Santiago de Machaca;U207203
U2072;Villa Exaltacion;U207204
U2081;Chacarilla;U208101
U2082;Cayllachura;U208201
U2082;Circa Cruzani;U208202
U2082;Innombrada;U208203
U2082;Mollebamba;U208204
U2082;Pacollo;U208205
U2082;Papel Pampa;U208206
U2082;San Jose 16 de Julio;U208207
U2082;Unopata;U208208
U2082;Virgen de Copacabana;U208209
U2083;Achaviri;U208301
U2083;Beltran;U208302
U2083;Centro Chojña;U208303
U2083;Centro Llocohuta;U208304
U2083;Huisco Kari;U208305
U2083;Hunto Chico Sur;U208306
U2083;Jalsuri;U208307
U2083;Jankho Marca;U208308
U2083;Puerto Chilahuala;U208309
U2083;San Pedro de Curahuara;U208310
U2083;Santa Ana Baja;U208311
U2083;Villa Manquiri;U208312
U2091;Desaguadero;U209101
U2091;San Juan de Huancollo;U209102
U2092;Achuma Ayuta;U209201
U2092;Achuma Santa Ana;U209202
U2092;Chama;U209203
U2092;Corpa;U209204
U2092;Cuipa España;U209205
U2092;Irohito Urus;U209206
U2092;Jesus de Machaca;U209207
U2092;Kalla Baja;U209208
U2092;Khonkho Liquiliqui;U209209
U2092;Mejillones de Machaca;U209210
U2092;Santo Domingo de Machaca;U209211
U2092;Sullcatiti Lahuacollo;U209212
U2092;Sullkatiti Khonkho;U209213
U2092;Titicani Tacaca;U209214
U2092;Yauriri San Francisco;U209215
U2093;Chuncarcota de Machaca;U209301
U2093;Conchacollo;U209302
U2093;Irucirca Kanapata;U209303
U2093;Laquinamaya;U209304
U2093;Mauri;U209305
U2093;Nazacara;U209306
U2093;San Andres de Machaca;U209307
U2093;Sombra Pata;U209308
U2093;Villa Pusuma;U209309
U2094;Andamarca;U209401
U2094;Belen Pituta;U209402
U2094;Guaqui;U209403
U2094;Puerto Guaqui;U209404
U2095;Coacollo;U209501
U2095;Santa Rosa de Taraco;U209502
U2095;Taraco;U209503
U2096;Huacullani;U209601
U2096;Pillapi San Agustin;U209602
U2096;Tiahuanacu;U209603
U2097;Achica Arriba;U209701
U2097;Chacoma Irpa Grande;U209702
U2097;Charahuayto;U209703
U2097;Irpuma;U209704
U2097;Jekeri;U209705
U2097;Mazo Cruz;U209706
U2097;Pocohota;U209707
U2097;Tacagua;U209708
U2097;Viacha;U209709
U2097;Villa Ancara;U209710
U2097;Villa Remedios;U209711
U2101;Agua Rica;U210101
U2101;Cajuata;U210102
U2101;Cañamina;U210103
U2101;Circuata;U210104
U2101;Miguillas;U210105
U2101;Suri;U210106
U2101;Villa Barrientos;U210107
U2101;Villa Khora;U210108
U2102;Ajamarca;U210201
U2102;Caluyo;U210202
U2102;Campamento Colquiri;U210203
U2102;Campamento Minero la Aguada;U210204
U2102;Cancha;U210205
U2102;Huayllamarca;U210206
U2102;Isara;U210207
U2102;Lanza Mohoza;U210208
U2102;Pueblo Civil Colquiri;U210209
U2102;Untutuma Viscachani Guanaco;U210210
U2102;Villa Ancocota;U210211
U2103;Campamento Minero Sayaquira;U210301
U2103;Challa;U210302
U2103;Collpa;U210303
U2103;Franz Tamayo;U210304
U2103;General Camacho;U210305
U2103;Ichoca;U210306
U2103;Luruhuta;U210307
U2103;Pacollo;U210308
U2103;Phusa;U210309
U2103;Sayaquira;U210310
U2103;Villa San Antonio Sirarani;U210311
U2104;Apilluma;U210401
U2104;Arcopongo;U210402
U2104;Capiñata;U210403
U2104;Cavari;U210404
U2104;Chiarhuta Callapa;U210405
U2104;Inquisivi;U210406
U2104;Patohoco;U210407
U2104;Pocusco;U210408
U2104;Yacupampa;U210409
U2105;Camillaya;U210501
U2105;Choquetanga;U210502
U2105;Colombiri;U210503
U2105;Huaña Cota;U210504
U2105;Mina la Argentina;U210505
U2105;Molinos;U210506
U2105;Pacuni;U210507
U2105;Poldy;U210508
U2105;Pongo B-2 (civil);U210509
U2105;Quime;U210510
U2106;Charapaxi;U210601
U2106;Licoma;U210602
U2111;Combaya;U211101
U2112;Candelaria;U211201
U2112;Carura;U211202
U2112;Guanay;U211203
U2112;La Fabulosa;U211204
U2112;Wituponte;U211205
U2113;Achiquiri;U211301
U2113;Charopampa;U211302
U2113;Chimate;U211303
U2113;Mapiri;U211304
U2113;Santa Rosa de Mapiri;U211305
U2113;Sorata Limitada;U211306
U2113;Vilaque Grande;U211307
U2113;Yaycura;U211308
U2114;Quiabaya;U211401
U2115;Carazani;U211501
U2115;Chuchulaya;U211502
U2115;Ilabaya;U211503
U2115;Laripata;U211504
U2115;Llipi;U211505
U2115;Millipaya;U211506
U2115;Sorata;U211507
U2115;Yani;U211508
U2116;Ananea;U211601
U2116;Chumisa;U211602
U2116;Conzata;U211603
U2116;Incachaca;U211604
U2116;San Agustin Paititi;U211605
U2116;Tacacoma;U211606
U2116;Viga Pampa;U211607
U2117;Mayaya;U211701
U2117;Santo Domingo;U211702
U2117;Teoponte;U211703
U2117;Tomachi;U211704
U2117;Uyapi;U211705
U2117;Villa Aroma;U211706
U2118;Bartolo;U211801
U2118;Cangalli;U211802
U2118;Gritado;U211803
U2118;La Rinconada;U211804
U2118;Molleterio;U211805
U2118;Piscini;U211806
U2118;San Juan de Paltani;U211807
U2118;Tipuani;U211808
U2118;Unutuluni;U211809
U2121;Asiento Araca;U212101
U2121;Cairoma;U212102
U2121;Keraya;U212103
U2121;Tienda Pata;U212104
U2121;Viloco;U212105
U2122;Anchallani;U212201
U2122;Aroma;U212202
U2122;Azambo;U212203
U2122;Callaviri;U212204
U2122;Carayapu;U212205
U2122;Colliri;U212206
U2122;Collpani;U212207
U2122;Condado;U212208
U2122;Cutty;U212209
U2122;Khala Khala;U212210
U2122;Luribay;U212211
U2122;Peña Colorada;U212212
U2122;Porvenir;U212213
U2122;Punahata;U212214
U2122;Rancho Grande;U212215
U2122;Totora;U212216
U2122;Vilacora;U212217
U2123;Alto Malla;U212301
U2123;Atoroma;U212302
U2123;Chojñacota;U212303
U2123;Jachapampa;U212304
U2123;Larancota;U212305
U2123;Malla;U212306
U2123;Mallachuma;U212307
U2123;Rodeo;U212308
U2124;Ayahuayco;U212401
U2124;Bravo;U212402
U2124;Caracato;U212403
U2124;Corhua;U212404
U2124;Kaata;U212405
U2124;Khola Alta;U212406
U2124;Macamaca;U212407
U2124;Molinopata;U212408
U2124;Sapahaqui;U212409
U2124;Tacobamba;U212410
U2125;Capata Yunguyo;U212501
U2125;Caxata;U212502
U2125;Challoma Grande;U212503
U2125;Chucamarca;U212504
U2125;Conchamarca;U212505
U2125;Coque;U212506
U2125;Hornuni;U212507
U2125;Huanacamaya;U212508
U2125;Huaylloma;U212509
U2125;Huntuta;U212510
U2125;Llipi Llipi;U212511
U2125;Pampajasi;U212512
U2125;Tablachaca;U212513
U2125;Umalaco;U212514
U2125;Villa Puchuni;U212515
U2125;Yaco;U212516
U2131;Batallas;U213101
U2131;Calasaya;U213102
U2131;Cullucachi;U213103
U2131;Huancane;U213104
U2131;Karhuiza;U213105
U2131;Kerani;U213106
U2131;Pariri;U213107
U2131;Peñas;U213108
U2131;Villa Asuncion de Caluyo;U213109
U2131;Villa Asuncion de Tuquia;U213110
U2131;Villa San Juan de Chachacomani;U213111
U2132;Cantapa;U213201
U2132;Curva Pucara;U213202
U2132;Kallutaca;U213203
U2132;Laja;U213204
U2132;Puchucollo Alto;U213205
U2132;Quentuni;U213206
U2132;San Juan de Satatotora;U213207
U2132;Tambillo;U213208
U2133;Aygachi;U213301
U2133;Catavi;U213302
U2133;Chiarpata;U213303
U2133;Chipamaya;U213304
U2133;Chojasivi;U213305
U2133;Chuñavi;U213306
U2133;Cohana;U213307
U2133;Corapata;U213308
U2133;Cucuta;U213309
U2133;Lacaya;U213310
U2133;Palcoco;U213311
U2133;Patamanta;U213312
U2133;Pucarani;U213313
U2133;Pucarani Extension;U213314
U2133;Villa Iquiaca;U213315
U2133;Villa Santa Ana;U213316
U2133;Villa Vilaque;U213317
U2134;Ayjadero;U213401
U2134;Cumana;U213402
U2134;Isla Pariti;U213403
U2134;Isla Quehuaya;U213404
U2134;Isla Tirasca;U213405
U2134;Khanapata;U213406
U2134;Machajmarka;U213407
U2134;Pata Patani;U213408
U2134;Puerto Perez;U213409
U2134;Rosani;U213410
U2134;Yavirjani;U213411
U2134;Yumani;U213412
U2141;Copacabana;U214101
U2141;Huacuyo;U214102
U2141;Kasani;U214103
U2141;Locka;U214104
U2141;Yumani;U214105
U2142;Calata Grande;U214201
U2142;Huayllani;U214202
U2142;San Pablo de Tiquina;U214203
U2142;San Pedro de Tiquina;U214204
U2142;Santiago de Ojje;U214205
U2143;Tito Yupanqui;U214301
U2151;Aucapata;U215101
U2151;Huanco Pata;U215102
U2151;Pusillani;U215103
U2152;Ayata;U215201
U2152;Camata;U215202
U2153;Chajlaya;U215301
U2153;Charata;U215302
U2153;Chuma;U215303
U2153;Jichuhuaya;U215304
U2153;Luquisani;U215305
U2153;Timusi;U215306
U2153;Tuiluni;U215307
U2161;Achocalla;U216101
U2161;Asunta Quillviri;U216102
U2161;Tuni;U216103
U2161;Villa Concepcion;U216104
U2161;Villa la Yuri;U216105
U2162;El Alto;U216201
U2163;Avircato;U216301
U2163;El Palomar;U216302
U2163;Huajchilla;U216303
U2163;Huaricana Alta;U216304
U2163;Huaricana Bajo;U216305
U2163;Huayhuasi;U216306
U2163;Las Carreras;U216307
U2163;Lipari Alto;U216308
U2163;Lipari Bajo;U216309
U2163;Mecapaca;U216310
U2163;Mecapaca Extension;U216311
U2163;Santiago de Collana;U216312
U2163;Taypichulo;U216313
U2163;Yupampa Valencia;U216314
U2164;La Paz;U216401
U2165;Calchani;U216501
U2165;Cayimbaya;U216502
U2165;Cohoni;U216503
U2165;Cotaña;U216504
U2165;Hussi;U216505
U2165;Palca;U216506
U2165;Palca Extension;U216507
U2165;Quillihuaya;U216508
U2165;Tirata;U216509
U2171;Arapata;U217101
U2171;Coripata;U217102
U2171;Dorado Grande;U217103
U2171;El Choro;U217104
U2171;Huaycuni;U217105
U2171;San Agustin;U217106
U2171;Santa Gertrudis;U217107
U2171;Trinidad Pampa;U217108
U2171;Villa Barrientos;U217109
U2172;Coroico;U217201
U2172;Cruz Loma;U217202
U2172;Mururata;U217203
U2172;Suapi;U217204
U2181;Achacachi;U218101
U2181;Ajllata Grande;U218102
U2181;Cachi Lipe;U218103
U2181;Carmen Lipe;U218104
U2181;Checata;U218105
U2181;Corcaputo Baja;U218106
U2181;Huanucu;U218107
U2181;Jankho Amaya;U218108
U2181;Japuraya Alta;U218109
U2181;Japuraya Baja;U218110
U2181;Pomgon Huyo Centro;U218111
U2181;Tahari;U218112
U2181;Tola Tola;U218113
U2181;Warisata;U218114
U2182;Chua Cocani;U218201
U2182;Chua Visalaya Bajo;U218202
U2183;Coromata Baja;U218301
U2183;Huarina;U218302
U2184;Centro Chilaya;U218401
U2184;Chilaya;U218402
U2184;Chilaya Chico;U218403
U2184;Chilaya Grande;U218404
U2184;Huatajata;U218405
U2184;Marca Arasaya;U218406
U2184;Sancajahuira;U218407
U2184;Soncachi Chico;U218408
U2184;Tajara Chico;U218409
U2184;Tajara Grande;U218410
U2184;Tajara Suañaca;U218411
U2185;Paricucho;U218501
U2185;Santiago de Huata;U218502
U2185;Wichi Wichi;U218503
U2186;Alto Chejepampa;U218601
U2186;Ancoraimes;U218602
U2186;Chojñapata;U218603
U2186;Limacachi - Centro Lima;U218604
U2186;Morocollo;U218605
U2186;Pocoata Alta;U218606
U2186;Pocoata Centro;U218607
U2186;Pocoata Chico;U218608
U2186;Villa Maca Maca;U218609
U2191;Audiencia;U219101
U2191;Calacoto;U219102
U2191;Challuyu;U219103
U2191;Condor Iquiña;U219104
U2191;General Campero;U219105
U2191;Junuta Condoroca;U219106
U2191;Lerco;U219107
U2191;Pichaca;U219108
U2191;Playa Verde;U219109
U2191;Rosario;U219110
U2191;Tarquiamaya;U219111
U2191;Ulloma;U219112
U2192;Achiri;U219201
U2192;Antaquira;U219202
U2192;Ayllu Central Tinkachi;U219203
U2192;Caquiaviri;U219204
U2192;Chocorosi;U219205
U2192;Kasillunca;U219206
U2192;Vichaya;U219207
U2192;Vichaya Primero;U219208
U2193;Charaña;U219301
U2193;Cosapa;U219302
U2193;De Rio Blanco;U219303
U2193;Eduardo Avaroa;U219304
U2193;Tripartito;U219305
U2194;Comanche;U219401
U2194;General Jose Ballivian;U219402
U2194;Palcoma Alta;U219403
U2194;Tocopilla Cantuyo;U219404
U2195;Caquingora;U219501
U2195;Centro Quilloma;U219502
U2195;Coro Coro;U219503
U2195;Enequella;U219504
U2195;General Jose Manuel Pando;U219505
U2195;Jancko Marca;U219506
U2195;Jayuma Llallagua;U219507
U2195;Murupilar;U219508
U2195;Topohoco;U219509
U2196;Jihuacuta;U219601
U2196;Nazacara;U219602
U2196;Santo Domingo de Machaca;U219603
U2196;Villa Anta;U219604
U2197;Centro Canuta;U219701
U2197;Centro Yaribay;U219702
U2197;Ilata Grande;U219703
U2197;Marcoma;U219704
U2197;Pujrata;U219705
U2197;Rosa Pata Yaribay;U219706
U2197;San Francisco Yaribay;U219707
U2197;Santiago de Callapa;U219708
U2198;Tumarapi;U219801
U2201;Chirca;U220101
U2201;Chulumani;U220102
U2201;Cutusuma;U220103
U2201;Huancane;U220104
U2201;Naranjani;U220105
U2201;Ocobaya;U220106
U2201;Pasto Pata;U220107
U2201;Tajma;U220108
U2202;Bajo Acobaya;U220201
U2202;Bolsa Negra;U220202
U2202;Chicaloma;U220203
U2202;Irupana;U220204
U2202;Lambate;U220205
U2202;Laza;U220206
U2202;Pariguaya;U220207
U2202;Taca;U220208
U2202;Tres Rios;U220209
U2203;Asunta Rio Seco;U220301
U2203;Boopi Motacal;U220302
U2203;Chamaca;U220303
U2203;Charia;U220304
U2203;Charoplaya;U220305
U2203;Colopampa Grande;U220306
U2203;Copalani;U220307
U2203;Cotapata;U220308
U2203;Cruce Mercedes;U220309
U2203;Flor de Mayo;U220310
U2203;La Asunta;U220311
U2203;La Calzada;U220312
U2203;Lanchis Agua Clara;U220313
U2203;Las Americas;U220314
U2203;Las Palmeras;U220315
U2203;Nuevos Horizontes;U220316
U2203;Quinuni;U220317
U2203;Santa Rosa;U220318
U2203;Siguani Grande;U220319
U2203;Villa Esperanza;U220320
U2203;Yanamayu;U220321
U2204;Agua Dulce;U220401
U2204;Bajo Inicua;U220402
U2204;Cocochi;U220403
U2204;Covendo;U220404
U2204;El Sillar;U220405
U2204;Inicua;U220406
U2204;Nueva Oscar;U220407
U2204;Palos Blancos;U220408
U2204;Popoy;U220409
U2204;Puerto Carmen;U220410
U2204;San Jose;U220411
U2204;San Miguel de Huachi;U220412
U2204;Santa Ana de Mosetenes;U220413
U2204;Sapecho;U220414
U2204;Tucupi;U220415
U2204;Villa Cascada;U220416
U2204;Villa Concepcion;U220417
U2205;Campamento Minero la Chojlla;U220501
U2205;Villa Aspiazu;U220502
U2205;Yanacachi;U220503
U3011;Arachaca;U301101
U3011;Arani;U301102
U3011;Linde Grande;U301103
U3011;Pocoata;U301104
U3012;Chaulla Mayu;U301201
U3012;Paredones;U301202
U3012;Pisco Mayu A;U301203
U3012;Rodeo;U301204
U3012;Vacas;U301205
U3021;Abra Khasa;U302101
U3021;Arque;U302102
U3021;Berenguela;U302103
U3021;Colcha Pueblo;U302104
U3021;Kochi;U302105
U3021;Kutimarca;U302106
U3021;Nueva Colcha;U302107
U3021;Pongo Kasa;U302108
U3021;Tujsuma;U302109
U3021;Viluyo Arque;U302110
U3022;Aquerana;U302201
U3022;Auquikasa;U302202
U3022;Juchusuma Vaqueria;U302203
U3022;Llallagua;U302204
U3022;Llujchi Pampa;U302205
U3022;Micayani Grande;U302206
U3022;Molle Pampa;U302207
U3022;Murmuntani Grande;U302208
U3022;Sakaka Waylla;U302209
U3022;Tacopaya;U302210
U3022;Totora Pampa;U302211
U3022;Ventilla;U302212
U3031;Calchani;U303101
U3031;Chamacoma;U303102
U3031;Charapaya;U303103
U3031;Charawaytu;U303104
U3031;Independencia;U303105
U3031;Kami;U303106
U3031;Listeria;U303107
U3031;Machaca;U303108
U3031;Palma Rancho;U303109
U3031;Patiño Alto;U303110
U3031;Quiraya;U303111
U3031;Tiquirpaya;U303112
U3031;Villa Hermosa;U303113
U3031;Villa Pucara;U303114
U3032;Calientes;U303201
U3032;Choro;U303202
U3032;Cocapata;U303203
U3032;Colorado;U303204
U3032;Colquechaca;U303205
U3032;Falsuri;U303206
U3032;Icari;U303207
U3032;Jesus Maria;U303208
U3032;Maravillas;U303209
U3032;Sequerancho;U303210
U3033;Chinchiri;U303301
U3033;Morochata;U303302
U3041;Atojhuayco;U304101
U3041;Bolivar;U304102
U3041;Carpani;U304103
U3041;Challviri A;U304104
U3041;Challviri B;U304105
U3041;Choqorwasi;U304106
U3041;Choquellusta;U304107
U3041;Comuna;U304108
U3041;Coyuma;U304109
U3041;Kaymani;U304110
U3041;Pacachani;U304111
U3041;Palca;U304112
U3041;Pampajasi;U304113
U3041;Payota;U304114
U3041;Vilacayma;U304115
U3051;Aiquile;U305101
U3051;Chaquimayu;U305102
U3051;Eje Pampa;U305103
U3051;Estanzuelas Torrecillas;U305104
U3051;Lagar Pampa;U305105
U3051;Negro Pujyo;U305106
U3051;Novillero;U305107
U3051;Puente Loma;U305108
U3051;Quiroga;U305109
U3051;San Antonio;U305110
U3051;Villa Granado;U305111
U3051;Zamora;U305112
U3052;Amaya;U305201
U3052;Esmeralda;U305202
U3052;Juzgado;U305203
U3052;La Viña;U305204
U3052;Mataral;U305205
U3052;Omereque;U305206
U3052;Peña Colorada;U305207
U3052;Perereta;U305208
U3052;Perez;U305209
U3052;Pucara;U305210
U3052;Quebrahachas;U305211
U3052;Tarco Pampa;U305212
U3053;Pasorapa;U305301
U3053;Pucaricito;U305302
U3061;Alto Yatamoco;U306101
U3061;Apillapampa;U306102
U3061;Bajo Chimboata;U306103
U3061;Bajo Yatamoco;U306104
U3061;Buen Retiro;U306105
U3061;Camarilla Pampa;U306106
U3061;Capinota;U306107
U3061;Charamoco;U306108
U3061;Chiñiri;U306109
U3061;Cocoma;U306110
U3061;Collpa Mayo;U306111
U3061;Hornoma;U306112
U3061;Irpa Irpa;U306113
U3061;Mollini;U306114
U3061;Sarcobamba;U306115
U3061;Sindicato Agrario Playa Ancha;U306116
U3061;Tokho Halla;U306117
U3061;Ucuchi;U306118
U3061;Urbanizacion los Alamos;U306119
U3061;Villcabamba;U306120
U3061;Yatamoco;U306121
U3062;Calaconto;U306201
U3062;Cayacayani Baños;U306202
U3062;Chojtama;U306203
U3062;Convento;U306204
U3062;Huatacota;U306205
U3062;La Pampa;U306206
U3062;Lipez;U306207
U3062;Poquera;U306208
U3062;Primero de Mayo Convento;U306209
U3062;Santivañez;U306210
U3062;Sausini;U306211
U3062;Sindicato Exfundo Granado;U306212
U3062;Sindicato Kuturipa;U306213
U3062;Sindicato Mojon Pata;U306214
U3062;Villa Nueva;U306215
U3063;Higuerani;U306301
U3063;Kara Kara;U306302
U3063;Orcoma;U306303
U3063;Panteon Pampa;U306304
U3063;Sicaya;U306305
U3071;Cesarzama;U307101
U3071;Chimore;U307102
U3071;El Carmen;U307103
U3071;Entre Rios Tacuaral;U307104
U3071;Estaño Colorado;U307105
U3071;Estaño Palmito;U307106
U3071;Monte Verde;U307107
U3071;Nueva Estrella;U307108
U3071;O.t.b. Sindicato Senda Villa Porvenir;U307109
U3071;Puerto Aurora;U307110
U3071;San Andres;U307111
U3071;Senda 3;U307112
U3071;Senda B Nueva Canaan;U307113
U3071;Senda D;U307114
U3071;Senda F Abanico;U307115
U3071;Valle Hermoso;U307116
U3072;Alto Linares;U307201
U3072;Bella Vista;U307202
U3072;Bulo Bulo;U307203
U3072;Chancadora;U307204
U3072;Cruce Chancadora;U307205
U3072;Cruce Palmar;U307206
U3072;Entre Rios;U307207
U3072;Gualberto Villarroel 1;U307208
U3072;Isarzama;U307209
U3072;Manco Kapac;U307210
U3072;Rio Blanco;U307211
U3073;Chimboata;U307301
U3073;Lope Mendoza;U307302
U3073;Monte Punku A;U307303
U3073;Pocona;U307304
U3074;Challhuani;U307401
U3074;Diampampa B;U307402
U3074;Duraznillo;U307403
U3074;Kara Huasi;U307404
U3074;Naranjos;U307405
U3074;Palca;U307406
U3074;Pojo;U307407
U3074;Rio Grande;U307408
U3074;Salto y Viña;U307409
U3074;Sub Challhuani;U307410
U3074;Sunchupampa;U307411
U3074;Tierras Nuevas Grande;U307412
U3074;Valle Agrario Valle Hermoso;U307413
U3074;Villa Esperanza;U307414
U3074;Yuthupampa;U307415
U3075;11 de Enero;U307501
U3075;14 de Septiembre;U307502
U3075;3 Pozos;U307503
U3075;6 de Mayo;U307504
U3075;Alto Chijini;U307505
U3075;Alto San Pablo;U307506
U3075;Ayopaya;U307507
U3075;Bella Vista;U307508
U3075;Bello Horizonte;U307509
U3075;Centro Poblado Sin Nombre;U307510
U3075;Chasqui;U307511
U3075;Esmeralda;U307512
U3075;Gualberto Villarroel;U307513
U3075;Israel;U307514
U3075;Ivirgarzama;U307515
U3075;La Florida - Vueltadero;U307516
U3075;Libertad;U307517
U3075;Libertad Tupac Katari;U307518
U3075;Mariposas;U307519
U3075;Paraiso;U307520
U3075;Poblacion Villa Zabala;U307521
U3075;Puerto Villarroel;U307522
U3075;Recta Ivirgarzama;U307523
U3075;Remedios Kollpas;U307524
U3075;Rene Barrientos;U307525
U3075;San Carlos;U307526
U3075;San Pedro;U307527
U3075;Santa Fe;U307528
U3075;Senda Cinco;U307529
U3075;Senda Vi;U307530
U3075;Transversal;U307531
U3075;Trinitario;U307532
U3075;Valle Ivirgarzama;U307533
U3075;Valle Sacta;U307534
U3075;Valle Tunari;U307535
U3075;Villa Imperial;U307536
U3075;Villa Nueva;U307537
U3075;Villa San Pablo;U307538
U3075;Villa Tamborada;U307539
U3075;Villa Verde (central Senda 5);U307540
U3076;Epinaza Villa el Carmen;U307601
U3076;Rodeo Chico;U307602
U3076;Tiraque C;U307603
U3076;Totora;U307604
U3081;Cochabamba;U308101
U3091;Chomoco;U309101
U3091;Colomi;U309102
U3091;Corani Pampa;U309103
U3091;Mosoj Rancho - Colomi;U309104
U3091;Paracaya Chullpani;U309105
U3091;San Jose;U309106
U3091;Tablas Monte;U309107
U3092;15 de Septiembre;U309201
U3092;Aguirre I;U309202
U3092;Buena Vista Baja;U309203
U3092;Churitia;U309204
U3092;Korihuma Ii;U309205
U3092;Larati Chico;U309206
U3092;Lopez Rancho;U309207
U3092;Melga;U309208
U3092;Patati Chico;U309209
U3092;Sacaba;U309210
U3092;San Antonio;U309211
U3093;2 de Junio;U309301
U3093;40 Arroyos;U309302
U3093;Alto San Pedro;U309303
U3093;Avispas;U309304
U3093;Bomborazama;U309305
U3093;Buena Vista;U309306
U3093;Campo Via;U309307
U3093;Capiguara;U309308
U3093;Capinota;U309309
U3093;Chipiriri;U309310
U3093;Cinco Esquinas Santivañez A;U309311
U3093;Colorados de Bolivia;U309312
U3093;Copacabana Bajo;U309313
U3093;Eterazama;U309314
U3093;Isinuta;U309315
U3093;Ismael Montes;U309316
U3093;Jatun Pampa;U309317
U3093;Liberacion;U309318
U3093;Limo del Isiboro;U309319
U3093;Marcelo Quiroga Santa Cruz;U309320
U3093;Mariscal Sucre Bajo;U309321
U3093;Mayor Jordan;U309322
U3093;Norte Galilea;U309323
U3093;Nueva Aroma;U309324
U3093;Nueva Galilea;U309325
U3093;Nueva Quillacollo;U309326
U3093;Nueva Tacopaya;U309327
U3093;Paractito;U309328
U3093;Paraiso B;U309329
U3093;Primero de Mayo;U309330
U3093;Pucamayu;U309331
U3093;Pueblo Cristal Mayu;U309332
U3093;Puerto San Francisco;U309333
U3093;Puerto Todos Santos;U309334
U3093;Samuzabety;U309335
U3093;San Francisco;U309336
U3093;San Gabriel;U309337
U3093;San Jose;U309338
U3093;San Juan de Icoya;U309339
U3093;San Lorenzo;U309340
U3093;San Miguel;U309341
U3093;San Miguelito;U309342
U3093;San Rafael;U309343
U3093;San Salvador;U309344
U3093;Santa Elena;U309345
U3093;Santa Rosa;U309346
U3093;Santivañez;U309347
U3093;Sindicato Ichoa;U309348
U3093;Sindicato Independencia;U309349
U3093;Soberania;U309350
U3093;Tocopilla;U309351
U3093;Uncia;U309352
U3093;Villa 14 de Septiembre;U309353
U3093;Villa San Pedro;U309354
U3093;Villa Tunari;U309355
U3093;Villa Urkupiña;U309356
U3093;Yurakare Secejsamma;U309357
U3101;Anzaldo;U310101
U3101;Blanco Rancho;U310102
U3101;Pajcha Pata Lux;U310103
U3101;Tijraska;U310104
U3101;Torancali;U310105
U3102;Achamoco;U310201
U3102;Angostura;U310202
U3102;Aranjuez;U310203
U3102;Arbieto;U310204
U3102;Arbieto Cochabamba;U310205
U3102;Arpita;U310206
U3102;Canelas;U310207
U3102;Flores Rancho;U310208
U3102;Ini Rancho;U310209
U3102;Jamachuma;U310210
U3102;Jatan Pata;U310211
U3102;Kaluyo;U310212
U3102;La Loma;U310213
U3102;Liquinas;U310214
U3102;Llave Mayu;U310215
U3102;Lomas Liquinas;U310216
U3102;Mamanaca;U310217
U3102;Rayo Pampa;U310218
U3102;Santa Rosa;U310219
U3102;Thajra;U310220
U3102;Tiataco;U310221
U3102;Villa Imperial;U310222
U3102;Villa Mercedes;U310223
U3102;Villa Verde;U310224
U3103;Matarani;U310301
U3103;Sacabamba;U310302
U3103;Villa San Isidro;U310303
U3104;Huasa Rancho;U310401
U3104;Huayculi;U310402
U3104;Izata;U310403
U3104;Lojoska;U310404
U3104;Mendez Mamata;U310405
U3104;Pampa Mamata;U310406
U3104;Tarata;U310407
U3104;Villa Fatima;U310408
U3104;Villa San Jose;U310409
U3111;Ayoma;U311101
U3111;Banda Abajo;U311102
U3111;Chullpas;U311103
U3111;Cliza;U311104
U3111;Huasa Calle;U311105
U3111;Huasacalle Alto;U311106
U3111;Nuevo Amanecer;U311107
U3111;Otb Villa el Carmen;U311108
U3111;San Isidro;U311109
U3111;Santa Lucia;U311110
U3111;Tackoloma;U311111
U3111;Ucureña;U311112
U3111;Villa Florida;U311113
U3111;Villa Rosario;U311114
U3111;Villa Surumi;U311115
U3111;Zenzano Banda Arriba;U311116
U3112;Chillijchi;U311201
U3112;Chua Loma;U311202
U3112;Cruz Pata;U311203
U3112;Toco Quinto;U311204
U3112;Toko;U311205
U3113;Carcaje Central;U311301
U3113;Carcaje Rosario;U311302
U3113;Complejo Carcaje;U311303
U3113;Tolata;U311304
U3113;Villa Copacabana;U311305
U3122;Aguada;U312201
U3122;Mina Asientos;U312202
U3122;Mizque;U312203
U3122;San Vicente;U312204
U3122;Tabacal;U312205
U3122;Tin Tin;U312206
U3122;Tipa Tipa;U312207
U3122;Tola Pampa;U312208
U3123;Laguna Grande;U312301
U3123;Molinero;U312302
U3123;Raqay Pampa;U312303
U3123;Santiago;U312304
U3124;Sik Imira;U312401
U3124;Sivingani;U312402
U3124;Sivingani Sud;U312403
U3124;Vila Vila;U312404
U3131;Chiruse Rosario;U313101
U3131;Cursani;U313102
U3131;Khochi Laguna B;U313103
U3131;Laguna Carmen Centro;U313104
U3131;Leorancho Centro;U313105
U3131;Punata;U313106
U3132;Laimiña;U313201
U3132;Lobo Rancho;U313202
U3132;Otb Paracaya;U313203
U3132;San Benito;U313204
U3132;San Lorenzo;U313205
U3132;Sulti Kasapata;U313206
U3132;Sunchu Pampa;U313207
U3132;Tolata Chico;U313208
U3133;Huañacota;U313301
U3133;Tacachi;U313302
U3134;Sindicato Agrario Villa Moderna;U313401
U3135;Aramasi;U313501
U3135;Centro Oyada;U313502
U3135;Hoyada;U313503
U3135;Machay Cuchu;U313504
U3135;Villa Rivero;U313505
U3141;Colcapirhua;U314101
U3142;Aguila Rancho;U314201
U3142;El Paso;U314202
U3142;Falsuri;U314203
U3142;Jove Rancho;U314204
U3142;Molle Molle;U314205
U3142;Mosoj Rancho;U314206
U3142;Okosuru;U314207
U3142;Otb Pucara;U314208
U3142;Pandoja;U314209
U3142;Potrero;U314210
U3142;Quillacollo;U314211
U3142;Sanja Pampa;U314212
U3143;Ayoma;U314301
U3143;Carramarca;U314302
U3143;Chahuarani;U314303
U3143;Chaupi Suyo;U314304
U3143;Chiltupampa;U314305
U3143;Coachaca Chico;U314306
U3143;Hamiraya;U314307
U3143;Huancarani;U314308
U3143;Huañacahua;U314309
U3143;Itapaya;U314310
U3143;Linko;U314311
U3143;Maica;U314312
U3143;Mallacaba;U314313
U3143;Mallco Chapi;U314314
U3143;Mallco Rancho;U314315
U3143;Parotani;U314316
U3143;Pirque;U314317
U3143;Pueblo Nuevo;U314318
U3143;Sindicato Combuyo;U314319
U3143;Sindicato Pirhuas (otb);U314320
U3143;Sindicato Siqui Siquia;U314321
U3143;Sipe Sipe;U314322
U3143;Sorata;U314323
U3143;Suticollo;U314324
U3143;Tajra;U314325
U3143;Villa Montenegro Zona 1;U314326
U3143;Viloma Cala Cala;U314327
U3143;Viloma Grande;U314328
U3143;Vinto Chico;U314329
U3144;Chapisirca;U314401
U3144;Tiquipaya;U314402
U3145;Anocaraire;U314501
U3145;Buena Vista;U314502
U3145;Charinco;U314503
U3145;Coachaca Grande (sub Central Vinto);U314504
U3145;Combuyo;U314505
U3145;Pairumani;U314506
U3145;Tajra;U314507
U3145;Thiomoko;U314508
U3145;Vinto;U314509
U3145;Vinto Chico;U314510
U3151;Antacahua;U315101
U3151;Azahuani;U315102
U3151;Challa;U315103
U3151;Challa Grande;U315104
U3151;Challa Grande B;U315105
U3151;Challoma;U315106
U3151;Chuñu Chuñuni;U315107
U3151;Cochi Pampa;U315108
U3151;Coracaba;U315109
U3151;Esquillani;U315110
U3151;Japo Kasa;U315111
U3151;Kjarkas;U315112
U3151;Llavini;U315113
U3151;Machacamarca;U315114
U3151;Mujlli;U315115
U3151;Murmutani;U315116
U3151;Ramadas;U315117
U3151;Rio Leque;U315118
U3151;Sallani;U315119
U3151;San Sebastian;U315120
U3151;Tajillo;U315121
U3151;Tallija Confital;U315122
U3151;Tapacari;U315123
U3151;Waca Playa;U315124
U3161;Agrigento A;U316101
U3161;Agrigento B;U316102
U3161;Centro Poblado Vinchuta;U316103
U3161;Dorado Grande;U316104
U3161;F Tropical;U316105
U3161;Ibuelo;U316106
U3161;Lauca Eñe;U316107
U3161;"Majo Pampa ""A""";U316108
U3161;Majo Pampa B;U316109
U3161;Monte Rico;U316110
U3161;Puerto Aroma;U316111
U3161;San Isidro;U316112
U3161;San Jose de Chiquitos;U316113
U3161;San Jose de Shinahota;U316114
U3161;San Luis;U316115
U3161;Santa Rosa Eñe;U316116
U3161;Santa Rosa Ibuelo;U316117
U3161;Shinahota;U316118
U3161;Villa Carrasco A;U316119
U3162;Cotani Bajo A;U316201
U3162;Cumbre;U316202
U3162;Kayarani Alto;U316203
U3162;Koari Alto;U316204
U3162;Morro;U316205
U3162;Sacambilla Bajo;U316206
U3162;Tiraque;U316207
U4011;Ancacato;U401101
U4011;Andamarca Crucero;U401102
U4011;Cañavi;U401103
U4011;Challapata;U401104
U4011;Chipu Chipu;U401105
U4011;Comunidad Tolapalca;U401106
U4011;Cruce Culta;U401107
U4011;Cusumi;U401108
U4011;Huancane;U401109
U4011;Huancarani;U401110
U4011;Jancoñuño;U401111
U4011;Kaka Chaka;U401112
U4011;Livichuco Ayllu Araya;U401113
U4011;Pequereque;U401114
U4011;Viluyo;U401115
U4011;Yanamani Ayllu Primer Jujcho;U401116
U4012;Antaraque;U401201
U4012;Lucumpaya;U401202
U4012;Pacullani;U401203
U4012;Picotani;U401204
U4012;Santuario de Quillacas;U401205
U4012;Sevaruyo;U401206
U4012;Soraga;U401207
U4012;Torko;U401208
U4012;Villcani;U401209
U4021;Choquecota;U402101
U4021;Mitma;U402102
U4021;Sulka Mallku;U402103
U4022;Ancaravi;U402201
U4022;Anda Pata Lupe;U402202
U4022;Caracota;U402203
U4022;Centro Bolivar;U402204
U4022;Chillcani Centro Viluma;U402205
U4022;Chuchulaya;U402206
U4022;Condoriri;U402207
U4022;Corque;U402208
U4022;Huayllapacha;U402209
U4022;Humamarca;U402210
U4022;Janco Kala;U402211
U4022;Laca Laca Quita Quita;U402212
U4022;Opoqueri;U402213
U4022;Playa Verde;U402214
U4022;Pomata Aite;U402215
U4022;San Antonio de Nor Kala;U402216
U4022;San Jose de Kala;U402217
U4022;San Pedro de Huaylloco;U402218
U4022;Villa Copacabana;U402219
U4022;Villa Esperanza;U402220
U4022;Villa Nueva;U402221
U4022;Villa Remedios;U402222
U4022;Villa Tarucachi;U402223
U4031;Ancasi;U403101
U4031;Ancotanga;U403102
U4031;Calasaya;U403103
U4031;Caracollo;U403104
U4031;Caracollo (villa Puente);U403105
U4031;Carohuma - Villa Taroca;U403106
U4031;Comunidad San Juan de Querarani;U403107
U4031;Huntuta;U403108
U4031;Jancoñuño;U403109
U4031;Kemalla;U403110
U4031;La Joya;U403111
U4031;Lajma;U403112
U4031;Nueva Llallagua;U403113
U4031;Ocotavi;U403114
U4031;Pongo Huertapampa;U403115
U4031;Quimsachata;U403116
U4031;San Antonio Estancia Vila Cara;U403117
U4031;Sasanca;U403118
U4031;Sillota Belen;U403119
U4031;Sillota Vito;U403120
U4031;Soledad;U403121
U4031;Toloma;U403122
U4031;Ventilla Pongo;U403123
U4031;Vila Vila;U403124
U4031;Yarvicoya (villa Santa Fe);U403125
U4032;Crucero Belen;U403201
U4032;El Choro;U403202
U4032;Palquiri;U403203
U4032;Rancho Grande;U403204
U4032;Rancho Juaniquina;U403205
U4032;Rancho Rufino;U403206
U4032;San Felipe de Chaytavi;U403207
U4032;San Pedro de Challacollo;U403208
U4032;Santa Maria;U403209
U4032;Villa Icoya;U403210
U4033;Oruro;U403301
U4034;Banderani;U403401
U4034;Cachi Cachi;U403402
U4034;Cala Cala;U403403
U4034;Cantu Santa Ana;U403404
U4034;Chojñacota;U403405
U4034;Cohani;U403406
U4034;Huayllatira;U403407
U4034;Huayña Pasto Chico;U403408
U4034;Huayña Pasto Grande;U403409
U4034;Iruma;U403410
U4034;Jachuyo;U403411
U4034;Jiquilla;U403412
U4034;Lekhe Lekheni;U403413
U4034;Mojon Pampa;U403414
U4034;Obrajes;U403415
U4034;Paria;U403416
U4034;Paria Soracachi;U403417
U4034;Pucara;U403418
U4034;Sepulturas;U403419
U4034;Soracachi;U403420
U4034;Tola Palca;U403421
U4041;Bengal Vinto;U404101
U4041;Ichalula;U404102
U4041;Lupiquipa;U404103
U4041;Pampa Aullagas;U404104
U4042;Acalaya;U404201
U4042;Alapaxa;U404202
U4042;Ancoyo;U404203
U4042;Aroma;U404204
U4042;Buena Vista;U404205
U4042;Callohalca;U404206
U4042;Catuyo;U404207
U4042;Cerro Grande;U404208
U4042;Challacota;U404209
U4042;Challgua;U404210
U4042;Challuma;U404211
U4042;Chite;U404212
U4042;Choco Choco;U404213
U4042;Churacari;U404214
U4042;Comunidad Alianza;U404215
U4042;Concepcion de Belen;U404216
U4042;Cruce Challviri;U404217
U4042;Exaltacion Humatia;U404218
U4042;Florida;U404219
U4042;Iñexa;U404220
U4042;Irpani;U404221
U4042;Jarinilla;U404222
U4042;Jayocota;U404223
U4042;Jilstata;U404224
U4042;Jirira;U404225
U4042;Lakasa;U404226
U4042;Lia;U404227
U4042;Lirima;U404228
U4042;Luca;U404229
U4042;Marca Vinto;U404230
U4042;Paicore;U404231
U4042;Pampahuta;U404232
U4042;Parco;U404233
U4042;Parinuyo;U404234
U4042;Pasto de Lobos;U404235
U4042;Peña Blanca;U404236
U4042;Pozo Al Mar;U404237
U4042;Puqui;U404238
U4042;Quijina;U404239
U4042;Quinsuyo Vistruri;U404240
U4042;Rodeo;U404241
U4042;Salinas de Garci Mendoza;U404242
U4042;Sallisuycuni;U404243
U4042;Salquiri;U404244
U4042;San Martin;U404245
U4042;Sighualaca;U404246
U4042;Tambo Tambillo;U404247
U4042;Tauca;U404248
U4042;Tolamayo;U404249
U4042;Ucumasi;U404250
U4042;Viacollo;U404251
U4042;Vituyo;U404252
U4051;Andapata;U405101
U4051;Cruz de Machacamarca;U405102
U4051;Florida;U405103
U4051;Huayllas;U405104
U4052;Escara;U405201
U4052;Payrumani;U405202
U4053;Anexo Altusani;U405301
U4053;Caipana;U405302
U4053;Central;U405303
U4053;Charcollo;U405304
U4053;Comunidad Romero Pampa;U405305
U4053;Esmeralda;U405306
U4053;Piña Piñani;U405307
U4053;Tika Belen;U405308
U4053;Villque;U405309
U4054;Huachacalla;U405401
U4055;Micaya;U405501
U4055;Surpo;U405502
U4055;Yunguyo del Litoral;U405503
U4061;Carangas;U406101
U4061;Mantos;U406102
U4062;La Rivera;U406201
U4063;Todos Santos;U406301
U4071;Belen de Choquecota;U407101
U4071;Bella Vista;U407102
U4071;Chojnohuma;U407103
U4071;Chuquichambi;U407104
U4071;Llanquera;U407105
U4071;Mitma;U407106
U4071;Puerto Ñequeta;U407107
U4071;San Miguel;U407108
U4071;Santiago de Huayllamarca;U407109
U4081;Bombo;U408101
U4081;Cataricahua;U408102
U4081;Huanuni;U408103
U4081;Hurachaquilla;U408104
U4081;Morococala;U408105
U4081;Sajsani;U408106
U4081;San Pedrito;U408107
U4081;Santa Fe;U408108
U4081;Tangalla;U408109
U4081;Tarucamarca;U408110
U4081;Tayaquira;U408111
U4081;Villacollo;U408112
U4081;Viluyo;U408113
U4082;Aco Aco Florida;U408201
U4082;Ingenio Machacamarca;U408202
U4082;Japo;U408203
U4082;Machacamarca;U408204
U4082;Machacamarca Ferro Corp;U408205
U4082;Negro Pabellon;U408206
U4082;Sora;U408207
U4082;Sora Sora;U408208
U4091;Antequera;U409101
U4091;Charcajara;U409102
U4091;Totoral;U409103
U4091;Tutuni;U409104
U4092;Apanaque;U409201
U4092;Avicaya;U409202
U4092;Calapaya;U409203
U4092;Campamento Totoral;U409204
U4092;Challwiri;U409205
U4092;Chaupi Rancho;U409206
U4092;Estalsa;U409207
U4092;Marcavi;U409208
U4092;Pazña;U409209
U4092;Peñas;U409210
U4092;Quehuallani;U409211
U4092;Santa Rosa;U409212
U4092;Siete Rocas Peñawito;U409213
U4092;Urmiri;U409214
U4093;Coripata;U409301
U4093;Huaylluma - Challa Apacheta;U409302
U4093;Poopo;U409303
U4093;Venta y Media;U409304
U4101;Coipasa;U410101
U4101;Vilacollo;U410102
U4101;Yapu Kkollo;U410103
U4102;Agua Rica;U410201
U4102;Alaroco;U410202
U4102;Bella Vista;U410203
U4102;Cahuana;U410204
U4102;Chulumani;U410205
U4102;Concepcion Ujo;U410206
U4102;Cruz de Huayllas;U410207
U4102;Huanuni;U410208
U4102;Japon;U410209
U4102;Julo;U410210
U4102;Negrillos;U410211
U4102;Nueva España Buen Retiro;U410212
U4102;Pacariza;U410213
U4102;Pagador;U410214
U4102;Parajaya;U410215
U4102;Pisiga Bolivar;U410216
U4102;Pisiga Sucre;U410217
U4102;Pitacollo;U410218
U4102;Quea Queani;U410219
U4102;Sabaya;U410220
U4102;Sacabaya;U410221
U4102;Tunapa;U410222
U4102;Villa Rosario;U410223
U4102;Villa Tunari;U410224
U4102;Villa Vitalina;U410225
U4102;Villarroel;U410226
U4103;Ayparavi;U410301
U4103;Chipaya;U410302
U4111;Caripe;U411101
U4111;Curahuara de Carangas;U411102
U4111;Lagunas;U411103
U4111;Sajama;U411104
U4111;Tambo Quemado;U411105
U4112;Asuncion de Laca Laca;U411201
U4112;Chachacomani;U411202
U4112;Cosapa;U411203
U4112;Macaya;U411204
U4112;Pampa Mogachi;U411205
U4112;Quimsa Jakke;U411206
U4112;Titiri (loc Amanzanada Titiri);U411207
U4112;Turco;U411208
U4121;Almidonani;U412101
U4121;Calazaya;U412102
U4121;Centro Revito;U412103
U4121;Chojñacota;U412104
U4121;Chuqui Churo;U412105
U4121;Crucero;U412106
U4121;Culta;U412107
U4121;Huacanapi;U412108
U4121;Marquirivi;U412109
U4121;Mollebamba;U412110
U4121;Murmuntavi;U412111
U4121;Pan de Azucarani;U412112
U4121;Puerto Escoma;U412113
U4121;Romero Cota;U412114
U4121;Sora Sora;U412115
U4121;Totora;U412116
U4121;Villa Irpoco;U412117
U4121;Yaraque;U412118
U4131;Belen;U413101
U4131;Catuyo;U413102
U4131;Challa Cruz;U413103
U4131;Challavito;U413104
U4131;Chocorasi;U413105
U4131;Collpa Huma;U413106
U4131;Comunidad de Cruzpata;U413107
U4131;Culluri;U413108
U4131;Jacha Ullami;U413109
U4131;Jauso;U413110
U4131;Kari Kari;U413111
U4131;Pasto Grande;U413112
U4131;Sica Ullami;U413113
U4131;Thijlla Cahua;U413114
U4131;Toledo;U413115
U4131;Toma Toma;U413116
U4131;Tres Cruces;U413117
U4131;Untavi;U413118
U4131;Villa Chuquiña;U413119
U4131;Villa Concepcion;U413120
U4131;Villa Cruce;U413121
U4141;Caico Bolivar;U414101
U4141;Castilla Huma;U414102
U4141;Comunidad Chillari;U414103
U4141;Condo C (san Pedro de Condo);U414104
U4141;Condo K;U414105
U4141;Guadalupe;U414106
U4141;Lagunillas;U414107
U4141;Llapa Llapani;U414108
U4141;Santiago de Huari;U414109
U4141;Urmiri de Quillacas;U414110
U4141;Vichaj Lupe;U414111
U4141;Villa Verde;U414112
U4151;Agua Cruz Ichucollo;U415101
U4151;Ancorcaya;U415102
U4151;Andamarca;U415103
U4151;Chulluncayani;U415104
U4151;Comunidad Pallini;U415105
U4151;Copacabana;U415106
U4151;Eduardo Avaroa;U415107
U4151;Lloco;U415108
U4151;Mara Mara;U415109
U4151;Orinoca;U415110
U4151;Rio Grande;U415111
U4151;Rosa Pata;U415112
U4151;Tunavi;U415113
U4152;Belen de Andamarca;U415201
U4152;Calama;U415202
U4152;Chañavi;U415203
U4152;Cruz de Huayllamarca;U415204
U4152;Real Machacamarca;U415205
U4152;Real Machacamarca (pichacani);U415206
U4161;Alcamarca;U416101
U4161;Amachuma;U416102
U4161;Eucaliptus;U416103
U4161;Huancaroma;U416104
U4161;Quelcata;U416105
U5011;Caripuyo;U501101
U5011;Chaicuriri;U501102
U5011;Chojlla;U501103
U5011;Churiparara;U501104
U5011;Huanacoma;U501105
U5011;Jayoma;U501106
U5011;Juntavi;U501107
U5011;Lacaya;U501108
U5012;Chijmo;U501201
U5012;Churuta;U501202
U5012;Colloma;U501203
U5012;Laytojo;U501204
U5012;Patapata;U501205
U5012;Quea Quea;U501206
U5012;Sacaca;U501207
U5012;Vila Vila;U501208
U5021;Agua de Castilla;U502101
U5021;Carma;U502102
U5021;Chaquilla;U502103
U5021;Jantani - Porco 2;U502104
U5021;Porco;U502105
U5022;Caracota;U502201
U5022;Pajcha;U502202
U5022;Punutuma;U502203
U5022;Yura;U502204
U5023;Calazaya;U502301
U5023;Carlos Machicado;U502302
U5023;Jachioco;U502303
U5023;Keluyo Cusco;U502304
U5023;Kilpani;U502305
U5023;San Pedro de Opoco;U502306
U5023;Tacora;U502307
U5023;Tica Tica;U502308
U5023;Tolapampa;U502309
U5023;Tomave;U502310
U5023;Viluyo;U502311
U5024;Alpa Cani;U502401
U5024;Bella Vista;U502402
U5024;Cala Cala;U502403
U5024;Candelaria de Viluyo;U502404
U5024;Carhuaycollo;U502405
U5024;Cerdas;U502406
U5024;Chacala;U502407
U5024;Chita;U502408
U5024;Colchani;U502409
U5024;Comunidad Rio Ingenio;U502410
U5024;Coroma;U502411
U5024;Huancarami A;U502412
U5024;Jaruma;U502413
U5024;Keluyo Alto Alianza;U502414
U5024;Kulla;U502415
U5024;Pacullani;U502416
U5024;Potoco;U502417
U5024;Pulacayo;U502418
U5024;Quehua;U502419
U5024;Rio Anta;U502420
U5024;Rio Maycoma;U502421
U5024;Rio Mulato;U502422
U5024;Sajsi;U502423
U5024;Santiago de Larco;U502424
U5024;Tusqui;U502425
U5024;Uyuni;U502426
U5024;Villa Esperanza;U502427
U5024;Vinto;U502428
U5031;Chiro Kasa;U503101
U5031;Esquencachi;U503102
U5031;San Pedro de Buena Vista;U503103
U5031;Toracari;U503104
U5032;Carasi;U503201
U5032;Cusi Cusi;U503202
U5032;Toro Toro;U503203
U5041;Chairapata;U504101
U5041;Colquechaca;U504102
U5041;Rosario;U504103
U5042;Fichicachi;U504201
U5042;Maragua;U504202
U5042;Milluni;U504203
U5042;Ocuri;U504204
U5043;Arrozpata;U504301
U5043;Campaya;U504302
U5043;Corojti;U504303
U5043;Huancarani;U504304
U5043;Jarana;U504305
U5043;Pocoata;U504306
U5043;Quesem Phuco;U504307
U5043;Quesimpuco;U504308
U5043;San Miguel de Khari;U504309
U5043;Totora;U504310
U5043;Villa Alcarapi;U504311
U5044;Ravelo;U504401
U5045;Ayoma;U504501
U5045;Bombori;U504502
U5045;Callampayani;U504503
U5045;Centro Poblado Tomaycuri;U504504
U5045;Comunidad Humagila Villa San Pedro;U504505
U5045;Macha;U504506
U5045;Pampa Colorada;U504507
U5045;Rosario;U504508
U5051;Betanzos;U505101
U5051;Ckonapaya;U505102
U5051;Mercedes Alta;U505103
U5051;Millares;U505104
U5051;Mojotorillo;U505105
U5051;Molle Molle;U505106
U5051;Musuna;U505107
U5051;Otuyo;U505108
U5051;Poco Poco;U505109
U5051;Potobamba;U505110
U5051;Quivi Quivi Alta;U505111
U5051;Quivi Quivi Lourdes;U505112
U5051;Quivi Quivi Media;U505113
U5051;Quivincha Alta;U505114
U5051;Quivincha Baja;U505115
U5051;Siporo;U505116
U5051;Tecoya Alta;U505117
U5051;Vila Vila;U505118
U5051;Viña Pampa;U505119
U5052;Chaqui;U505201
U5052;Chaqui Baños;U505202
U5052;Charcas Florida;U505203
U5052;Chico Chico;U505204
U5052;Chutawa Alta;U505205
U5052;Coipasi;U505206
U5052;Don Diego;U505207
U5052;Palapaya;U505208
U5053;Canutillos;U505301
U5053;Colavi Baja;U505302
U5053;San Felipe de Colavi;U505303
U5053;Tacobamba;U505304
U5061;Abra de Napa;U506101
U5061;Belen;U506102
U5061;Bella Vista;U506103
U5061;Buena Vista;U506104
U5061;Cahuana Chica;U506105
U5061;Cahuani Grande;U506106
U5061;Canquella;U506107
U5061;Chacoma;U506108
U5061;Challacollo;U506109
U5061;Chiarcollo;U506110
U5061;Chijlla Pata 2;U506111
U5061;Comunidad Rio San Antonio;U506112
U5061;Hizo;U506113
U5061;Huanaque;U506114
U5061;Laquela;U506115
U5061;Liviscota;U506116
U5061;Llica;U506117
U5061;Miraflores K;U506118
U5061;Palaya;U506119
U5061;Peña Blanca;U506120
U5061;Quijina;U506121
U5061;Secsigua;U506122
U5061;Tamacaza;U506123
U5061;Tres Cruces;U506124
U5061;Uyuni K;U506125
U5061;Villa Aroma;U506126
U5062;Cacoma;U506201
U5062;Caquena;U506202
U5062;Comunidad Chijllapata;U506203
U5062;Tahua;U506204
U5062;Yonza;U506205
U5071;Agua de Castilla;U507101
U5071;Alota;U507102
U5071;Cerro Gordo;U507103
U5071;Mejillones;U507104
U5071;San Agustin;U507105
U5071;Todos Santos;U507106
U5081;Acasio;U508101
U5082;Arampampa;U508201
U5091;"Caiza ""D""";U509101
U5091;Caltapi Alto;U509102
U5091;Caltapi Bajo;U509103
U5091;Cantuyo;U509104
U5091;Chajnacaya;U509105
U5091;Hornos;U509106
U5091;La Lava;U509107
U5091;Tres Cruces Garnica;U509108
U5091;Tuctapari;U509109
U5092;Calapaya;U509201
U5092;Ckochas;U509202
U5092;Esquiri;U509203
U5092;Melena Alta;U509204
U5092;Turuchipa;U509205
U5093;Belen;U509301
U5093;Comunidad Chillcani;U509302
U5093;Inchasi;U509303
U5093;Miculpaya;U509304
U5093;Molino Pampa;U509305
U5093;Muna Qasa;U509306
U5093;Otavi;U509307
U5093;Pacasi;U509308
U5093;Pampa Tambo;U509309
U5093;Puna;U509310
U5093;Vilacaya;U509311
U5093;Villa Nueva;U509312
U5101;Casira Grande;U510101
U5101;Chagua;U510102
U5101;El Tambo;U510103
U5101;Matancillas;U510104
U5101;Mojo;U510105
U5101;Moraya;U510106
U5101;Sagnasti;U510107
U5101;Sarcari;U510108
U5101;Villazon;U510109
U5101;Yuruma;U510110
U5111;Ascanty;U511101
U5111;Calila;U511102
U5111;Ckara Ckara Sur;U511103
U5111;Cornaca;U511104
U5111;Cotagaita;U511105
U5111;Fundicion;U511106
U5111;Jorjochi;U511107
U5111;Kellaja;U511108
U5111;Llajta Chimpa;U511109
U5111;Palca Lili;U511110
U5111;Quechisla;U511111
U5111;Ramadas;U511112
U5111;Riberalta;U511113
U5111;Sagrario;U511114
U5111;San Jorge;U511115
U5111;Sanagati;U511116
U5111;Soropalca;U511117
U5111;Tablaya Chica;U511118
U5111;Tambo Valle Grande;U511119
U5111;Tarija Pampa;U511120
U5111;Tasna Buen Retiro;U511121
U5111;Tasna Rosario;U511122
U5111;Tocla Rancho;U511123
U5111;Tocla Riberalta;U511124
U5111;Toropalca;U511125
U5111;Totora I;U511126
U5111;Tumusla;U511127
U5111;Vichacla;U511128
U5111;Villa Concepcion;U511129
U5112;Ayoma Alta;U511201
U5112;Calcha;U511202
U5112;Chalavi;U511203
U5112;Liruyuc;U511204
U5112;Puca Pampa;U511205
U5112;Tusquiña;U511206
U5112;Vitichi;U511207
U5112;Yawisla;U511208
U5121;Agua de Castilla;U512101
U5121;Aguaquiza;U512102
U5121;Arenales;U512103
U5121;Atulcha;U512104
U5121;Bella Vista;U512105
U5121;Calcha K;U512106
U5121;Cieneguillas;U512107
U5121;Cocani;U512108
U5121;Colcha K;U512109
U5121;Comunidad Catavi K;U512110
U5121;Copacabana;U512111
U5121;Culpina K;U512112
U5121;Julaca;U512113
U5121;Llavica;U512114
U5121;Loma Colorada;U512115
U5121;Mañica;U512116
U5121;Pampa Grande;U512117
U5121;Pillina Vilama;U512118
U5121;Pozo Cavado;U512119
U5121;Ramaditas;U512120
U5121;Rio Grande;U512121
U5121;San Cristobal;U512122
U5121;San Juan;U512123
U5121;Santiago de Agencha;U512124
U5121;Santiago de Chuvica;U512125
U5121;Santiago K;U512126
U5121;Serena Vinto;U512127
U5121;Toldos;U512128
U5121;Viacha;U512129
U5121;Vila Vila;U512130
U5121;Villa Candelaria;U512131
U5121;Viluyo;U512132
U5121;Vinto K;U512133
U5121;Zoniquera;U512134
U5122;Avaroa;U512201
U5122;Pajancha;U512202
U5122;Pelcoya;U512203
U5122;San Pedro de Quemes;U512204
U5122;Villa Mar;U512205
U5131;Acoyu;U513101
U5131;Amaya Pampa;U513102
U5131;Aymaya;U513103
U5131;Chayanta;U513104
U5131;Chayanta Cala Cala;U513105
U5131;Coataca;U513106
U5131;Comunidad Cochini Sullcata Caracha;U513107
U5131;Cutimarca;U513108
U5131;Entre Rios;U513109
U5131;Irupata;U513110
U5131;Janqo Jaqe;U513111
U5131;Janta Palka;U513112
U5131;Llallaguita;U513113
U5131;Nueva Colcha;U513114
U5131;Pampa Churo;U513115
U5131;Panacachi;U513116
U5131;Quinta Pampa;U513117
U5131;Quisi Quisi;U513118
U5131;Rio Verde Quila Quila;U513119
U5132;Belen;U513201
U5132;Chuquihuta;U513202
U5132;Hustaya;U513203
U5132;Katarfaya;U513204
U5132;Micani;U513205
U5133;Andavillque;U513301
U5133;Catavi;U513302
U5133;Chiuta;U513303
U5133;Circuyo;U513304
U5133;Comunidad Irupampa;U513305
U5133;Comunidad Llallaguita;U513306
U5133;Comunidad Victala;U513307
U5133;Falaucani;U513308
U5133;Inca Machacamarca;U513309
U5133;Jachojo;U513310
U5133;Llallagua;U513311
U5133;Navidad;U513312
U5133;Sauta;U513313
U5133;Siglo Xx;U513314
U5133;Villa Arbolitos;U513315
U5133;Walqueri;U513316
U5134;Antara;U513401
U5134;Cala Cala;U513402
U5134;Cala Chullpa;U513403
U5134;Chirihuana;U513404
U5134;Moroco Marca;U513405
U5134;Nueva Tanga;U513406
U5134;Pata Pata Chico;U513407
U5134;Pata Pata Grande;U513408
U5134;Payrumani;U513409
U5134;Uncia;U513410
U5141;Animas;U514101
U5141;Atocha;U514102
U5141;Churquini;U514103
U5141;San Vicente;U514104
U5141;Santa Ana;U514105
U5141;Santa Barbara;U514106
U5141;Siete Suyos;U514107
U5141;Tatasi;U514108
U5141;Telamayu;U514109
U5141;Vetillas;U514110
U5142;Chacopampa;U514201
U5142;Charaja;U514202
U5142;Chillcobija;U514203
U5142;El Monte;U514204
U5142;Esmoraca;U514205
U5142;Espicaya;U514206
U5142;Humacha;U514207
U5142;Nazareno;U514208
U5142;Oploca;U514209
U5142;Peña Blanca;U514210
U5142;Quiriza;U514211
U5142;Saladillo;U514212
U5142;San Jose de Pampa;U514213
U5142;San Miguel de Kataty;U514214
U5142;San Silvestre;U514215
U5142;Santa Rosa;U514216
U5142;Suipacha;U514217
U5142;Suycu Chacra;U514218
U5142;Talina;U514219
U5142;Tapaxa;U514220
U5142;Tocloca;U514221
U5142;Tomatas;U514222
U5142;Tupiza;U514223
U5142;Valle Rico;U514224
U5142;Villa Pacheco;U514225
U5151;La Cienega;U515101
U5151;Mojinete;U515102
U5151;Pueblo Viejo;U515103
U5152;Guadalupe;U515201
U5152;Ocke Orkho de Quillacas;U515202
U5152;Rio Chilenas;U515203
U5152;Rio Mojon;U515204
U5152;Rio Seco;U515205
U5152;San Antonio de Esmoruco;U515206
U5153;Cerrillos;U515301
U5153;Comunidad Kollpani Jaquegua;U515302
U5153;Polulos;U515303
U5153;Quetena Chico;U515304
U5153;Quetena Grande;U515305
U5153;Relave;U515306
U5153;Rio San Pablo;U515307
U5153;San Antonio de Lipez;U515308
U5153;San Pablo de Lipez;U515309
U5161;Aroyfilla;U516101
U5161;Comunidad Samasa Baja;U516102
U5161;Huari Huari;U516103
U5161;Karachipampa;U516104
U5161;Mondragon;U516105
U5161;Potosi;U516106
U5161;Rollo Pata;U516107
U5161;Tambo Pampa;U516108
U5161;Tarapaya;U516109
U5161;Urbanizacion Pucaloma;U516110
U5162;Actara;U516201
U5162;Anthura;U516202
U5162;Tinguipaya;U516203
U5163;Cahuayo;U516301
U5163;Urmiri;U516302
U5163;Urmiri Pampa;U516303
U5164;Belen Pampa;U516401
U5164;Cayara;U516402
U5164;Chira Coro;U516403
U5164;Comunidad Ockoruro;U516404
U5164;El Molino;U516405
U5164;La Puerta;U516406
U5164;Paco Chico;U516407
U5164;Paco Grande;U516408
U5164;San Antonio;U516409
U5164;Santa Lucia;U516410
U5164;Totora D;U516411
U5164;Totora Pampa;U516412
U5164;Yocalla;U516413
U6011;Barredero;U601101
U6011;Bermejo;U601102
U6011;Linares;U601103
U6011;Naranjitos;U601104
U6011;Porcelana;U601105
U6012;Camacho;U601201
U6012;Cañas;U601202
U6012;La Mamora Centro;U601203
U6012;Padcaya;U601204
U6012;San Antonio;U601205
U6012;Trementinal;U601206
U6012;Zona Miraflores de Cañas;U601207
U6021;Calamuchita;U602101
U6021;Chocloca;U602102
U6021;Juntas;U602103
U6021;La Angostura;U602104
U6021;La Choza;U602105
U6021;La Compañia;U602106
U6021;Muturayo;U602107
U6021;San Antonio de Chocloca;U602108
U6021;San Jose de Charajas;U602109
U6021;Valle de Concepcion;U602110
U6022;Copacabana;U602201
U6022;La Falda;U602202
U6022;Ñoquera;U602203
U6022;Pasajes;U602204
U6022;Pueblo Viejo;U602205
U6022;San Antonio de la Torre;U602206
U6022;San Luis de Palqui;U602207
U6022;San Pedro;U602208
U6022;Santa Cruz de Azloca;U602209
U6022;Tojo;U602210
U6022;Yunchara;U602211
U6031;La Pintada;U603101
U6031;Monte Centro;U603102
U6031;Monte Sur;U603103
U6031;Obrajes;U603104
U6031;Portillo;U603105
U6031;San Andres;U603106
U6031;San Mateo;U603107
U6031;Tarija;U603108
U6031;Tolomosa Grande;U603109
U6031;Turumayo;U603110
U6031;Yesera Centro;U603111
U6041;Agua Blanca;U604101
U6041;Campesina Santa Rosa Zona Sur;U604102
U6041;Carapari;U604103
U6041;Itau;U604104
U6041;Loma Alta;U604105
U6041;Nazareno;U604106
U6041;Saladillo;U604107
U6041;San Alberto;U604108
U6041;San Antonio;U604109
U6042;Caigua;U604201
U6042;Comunidad Campesina Palmar Grande Estacion Zona Norte;U604202
U6042;Comunidad Nueva Esperanza;U604203
U6042;Esmeralda;U604204
U6042;Ibibobo;U604205
U6042;Palmar Grande;U604206
U6042;Puesto Garcia;U604207
U6042;Puesto Uno;U604208
U6042;Taiguati;U604209
U6042;Tarairi;U604210
U6042;Tiguipa Estacion;U604211
U6042;Villa Montes;U604212
U6043;Aguayrenda;U604301
U6043;Bella Vista I;U604302
U6043;Caiza J;U604303
U6043;Campo Grande;U604304
U6043;Campo Pajoso;U604305
U6043;Comunidad Campesina Sotos la Vertiente;U604306
U6043;Comunidad Campesina Villa de San Antonio;U604307
U6043;La Grampa;U604308
U6043;Lapachal Alto;U604309
U6043;Las Abras;U604310
U6043;Palmar Chico;U604311
U6043;Pananty Mct;U604312
U6043;Sachapera;U604313
U6043;San Francisco del Inti;U604314
U6043;San Isidro;U604315
U6043;Sanandita;U604316
U6043;Tierras Nuevas;U604317
U6043;Villa el Carmen;U604318
U6043;Yacuiba;U604319
U6043;Yaguacua;U604320
U6051;Carrizal;U605101
U6051;Chayaza;U605102
U6051;Curqui;U605103
U6051;El Puente;U605104
U6051;Iscayachi;U605105
U6051;La Parroquia;U605106
U6051;Obispo del Carmen;U605107
U6051;Paicho Centro;U605108
U6051;Pueblo Nuevo;U605109
U6051;Sama;U605110
U6051;San Antonio;U605111
U6051;San Lorencito;U605112
U6051;San Roque;U605113
U6051;Septapas;U605114
U6051;Tres Cruces;U605115
U6052;Bordo el Mollar;U605201
U6052;Bordo la Calama;U605202
U6052;Canasmoro;U605203
U6052;Erquis Oropeza;U605204
U6052;La Victoria;U605205
U6052;Lajas Merced;U605206
U6052;Leon Cancha;U605207
U6052;Loma Tomatitas;U605208
U6052;Monte Mendez;U605209
U6052;Rancho Norte;U605210
U6052;Rancho Sur;U605211
U6052;San Lorenzo;U605212
U6052;Santa Barbara Chica;U605213
U6052;Tarija Cancha Norte;U605214
U6052;Tomatas Grande;U605215
U6052;Tomatitas;U605216
U6061;Comunidad San Josecito Centro;U606101
U6061;Entre Rios;U606102
U6061;Palos Blancos;U606103
U6061;Saladito Centro;U606104
U7011;Arroyito;U701101
U7011;Campanero;U701102
U7011;Cosorio;U701103
U7011;Cotoca;U701104
U7011;Don Lorenzo;U701105
U7011;El Bisito;U701106
U7011;El Espino;U701107
U7011;Gremial Cortez;U701108
U7011;Guapuru;U701109
U7011;Habitat 1;U701110
U7011;Itapaqui;U701111
U7011;La Cruceña (las Barreras);U701112
U7011;La Enconada;U701113
U7011;Las Madrecitas;U701114
U7011;Nuevo Amanecer;U701115
U7011;Puerto Pailas;U701116
U7011;Reyna Oriente;U701117
U7011;San Andres;U701118
U7011;Santa Rosa de Proboste;U701119
U7011;Tajibos;U701120
U7011;Tarope;U701121
U7012;Comunidad Barrio la Fortaleza;U701201
U7012;El Torno;U701202
U7012;Jorochito;U701203
U7012;Junta Pirai;U701204
U7012;Junta Pirai Ii;U701205
U7012;La Angostura;U701206
U7012;Limoncito;U701207
U7012;Quebrada Leon;U701208
U7012;San Luis;U701209
U7012;Santa Martha;U701210
U7012;Santa Rita;U701211
U7012;Taruma;U701212
U7012;Tiquipaya;U701213
U7012;Tres Pozas;U701214
U7012;Villa Tumavi;U701215
U7013;A.urb. Basilio;U701301
U7013;Brecha 2;U701302
U7013;Cañaveral I;U701303
U7013;Comunidad Platanillo Brecha 7;U701304
U7013;La Guardia;U701305
U7013;Pedro Lorenzo;U701306
U7013;San Carlos;U701307
U7013;San Jose;U701308
U7013;San Juan;U701309
U7013;San Miguel del Monte Grande;U701310
U7013;Villa Victoria;U701311
U7014;Buracapu;U701401
U7014;Colorada;U701402
U7014;German Busch;U701403
U7014;Los Batos;U701404
U7014;Luquillas;U701405
U7014;Porongo;U701406
U7014;San Pedro;U701407
U7014;Santa Fe de Amboro;U701408
U7014;Sombrerito;U701409
U7014;Terebinto;U701410
U7014;Urubo;U701411
U7014;Urubo Barranca;U701412
U7014;Urubo el Ojo;U701413
U7015;La Peña;U701501
U7015;Montero Hoyo;U701502
U7015;Paurito;U701503
U7015;Poresaqui;U701504
U7015;Puerto Pailas;U701505
U7015;San Miguel de los Junos;U701506
U7015;Santa Cruz de la Sierra;U701507
U7015;Santa Fe;U701508
U7015;Tundy;U701509
U7015;Zafranilla;U701510
U7021;Ascencion;U702101
U7021;Candelaria;U702102
U7021;Las Petas;U702103
U7021;San Fernando;U702104
U7021;San Jose de Marquitos;U702105
U7021;San Matias;U702106
U7021;Santa Isabel;U702107
U7031;25 de Mayo;U703101
U7031;4 de Octubre;U703102
U7031;Cañada Larga;U703103
U7031;Nueva Belen;U703104
U7031;Pailon;U703105
U7031;Poza Verde;U703106
U7031;Pozo del Tigre;U703107
U7031;Puerto Ibañez;U703108
U7031;Rosal 1;U703109
U7031;Rosal Centro 2;U703110
U7031;Sinai;U703111
U7031;Tinto del Este Menonita;U703112
U7031;Tres Cruces;U703113
U7031;Tunas Nuevo;U703114
U7031;Villa Nueva;U703115
U7032;Aguas Calientes;U703201
U7032;Chochis;U703202
U7032;Limoncito;U703203
U7032;Los Sotos;U703204
U7032;Robore;U703205
U7032;San Manuel;U703206
U7032;Santiago de Chiquitos;U703207
U7033;Buena Vista;U703301
U7033;La Fortuna;U703302
U7033;Quimome;U703303
U7033;San Jose de Chiquitos;U703304
U7033;San Juan de Chiquitos;U703305
U7033;San Juan de Taperas;U703306
U7041;Boyuibe;U704101
U7042;Abapo;U704201
U7042;Brecha 10;U704202
U7042;Cabezas;U704203
U7042;Campo 105;U704204
U7042;Comunidad Indigina Yateirenda;U704205
U7042;Curiche;U704206
U7042;Eduardo Abaroa;U704207
U7042;Florida;U704208
U7042;Iguazurenda;U704209
U7042;Loma Blanca;U704210
U7042;Menonita Rivas Palacio;U704211
U7042;Mora;U704212
U7042;Nueva Esperanza;U704213
U7042;Pampa el Coscal;U704214
U7042;Porvenir;U704215
U7042;Rio Seco;U704216
U7042;San Isidro Area de Poblacion;U704217
U7042;San Lorenzo Brecha 7;U704218
U7042;Santa Rosa;U704219
U7042;Vaca Guzman;U704220
U7042;Zanja Honda;U704221
U7043;Camiri;U704301
U7043;Choreti;U704302
U7043;Pipi Parirenda;U704303
U7044;Caipepe;U704401
U7044;Charagua;U704402
U7044;Charagua (la Estacion);U704403
U7044;El Carmen del Espino;U704404
U7044;El Espino;U704405
U7044;Estacion Aimiri;U704406
U7044;Ipitacuape;U704407
U7044;Itatiqui;U704408
U7044;Ivitapora;U704409
U7044;Kopere Brecha;U704410
U7044;La Brecha;U704411
U7044;Pueblo Nuevo;U704412
U7044;Saipuru;U704413
U7044;San Antonio de Parapeti;U704414
U7044;San Francisco;U704415
U7044;Tarenda;U704416
U7045;Cuevo;U704501
U7045;Salinas;U704502
U7046;Aldea 1;U704601
U7046;Gutierrez;U704602
U7046;Ipita;U704603
U7046;Ipitacito del Monte;U704604
U7046;Ivamirapinta;U704605
U7046;Tatarenda Nuevo;U704606
U7047;Ipaty;U704701
U7047;Lagunillas;U704702
U7051;La Collpa;U705101
U7051;La Tuna;U705102
U7051;Mairana;U705103
U7051;Mendiola;U705104
U7051;Piedra Mesa;U705105
U7051;Pozuelo;U705106
U7051;Todos Santos;U705107
U7051;Villa Copacabana;U705108
U7051;Villa Eccehomo;U705109
U7051;Yerba Buena Militar;U705110
U7052;Agua Clara;U705201
U7052;Barrio Chaque;U705202
U7052;La Junta;U705203
U7052;Los Negros;U705204
U7052;Mataral;U705205
U7052;Palmasola;U705206
U7052;Pampa Grande;U705207
U7052;Santa Rosa de Lima;U705208
U7052;Valle Hermoso;U705209
U7053;Quirusillas - los Tajibos;U705301
U7054;Bella Victoria;U705401
U7054;Bermejo;U705402
U7054;La Piedra;U705403
U7054;Monteagudo;U705404
U7054;Puerto Limon;U705405
U7054;Samaipata;U705406
U7054;San Isidro;U705407
U7054;San Juan del Rosario;U705408
U7054;Santiago del Valle;U705409
U7054;Tocos;U705410
U7061;El Carmen Rivero Torrez;U706101
U7061;Rincon del Tigre;U706102
U7061;Santa Ana;U706103
U7061;Santo Corazon;U706104
U7062;Arroyo Concepcion;U706201
U7062;Puerto Quijarro;U706202
U7063;15 de Agosto;U706301
U7063;Paradero;U706302
U7063;Puerto Suarez;U706303
U7063;Yacuces;U706304
U7071;16 de Julio;U707101
U7071;Ascencion de Guarayos;U707102
U7071;Cerro Grande;U707103
U7071;Laguna Corazon Sur;U707104
U7071;Nueva Jerusalen;U707105
U7071;San Antonio del Junte;U707106
U7071;San Pablo;U707107
U7071;Santa Maria;U707108
U7072;1 de Octubre;U707201
U7072;10 de Noviembre;U707202
U7072;2 de Octubre;U707203
U7072;El Carmen Nucleo 53;U707204
U7072;El Puente;U707205
U7072;Lagunillas;U707206
U7072;Momene;U707207
U7072;Monte Sinai;U707208
U7072;Montenegro;U707209
U7072;Monterrey;U707210
U7072;Murillo Nucleo 44;U707211
U7072;Rio Chico;U707212
U7072;Sol de America;U707213
U7072;Surucusi;U707214
U7072;Suypacha Nucleo 41;U707215
U7072;Villa Esperanza Nucleo 50;U707216
U7072;Yotau;U707217
U7073;Cururu;U707301
U7073;Monseñor Salvatierra;U707302
U7073;Urubicha;U707303
U7073;Yaguaru;U707304
U7081;Buena Vista;U708101
U7081;Caranda;U708102
U7081;Espejitos;U708103
U7081;Huaytu;U708104
U7081;San Isidro;U708105
U7081;Santa Barbara;U708106
U7081;Santa Rosa de Amboro;U708107
U7081;Villa Diego;U708108
U7082;2 de Agosto;U708201
U7082;Buen Retiro;U708202
U7082;El Cercado;U708203
U7082;Estacion Buen Retiro;U708204
U7082;La Lidia;U708205
U7082;La Tercera;U708206
U7082;San Carlos;U708207
U7082;Santa Fe de Yapacani;U708208
U7082;Villa Antofagasta;U708209
U7082;Villa Imperial;U708210
U7083;Ayacucho el Carmen;U708301
U7083;La Enconada;U708302
U7083;Los Andes;U708303
U7083;Raul Menacho;U708304
U7083;San Juan de Yapacani;U708305
U7083;San Pedro Sirari;U708306
U7083;Santa Fe de Yapacani;U708307
U7084;Agrario Puente Metalico;U708401
U7084;Arboleda;U708402
U7084;El Palmar;U708403
U7084;Los Pozos;U708404
U7084;Naranjal;U708405
U7084;Nuevo Horizonte;U708406
U7084;Puerto Avaroa;U708407
U7084;Puerto Grether;U708408
U7084;San German;U708409
U7084;San Juan Campo Vibora;U708410
U7084;San Rafael;U708411
U7084;Sindicato Agrario el Chore;U708412
U7084;Villa el Palmar;U708413
U7084;Yapacani;U708414
U7091;Comarapa;U709101
U7091;Comunidad Valle Hermoso;U709102
U7091;El Tambo;U709103
U7091;La Palizada;U709104
U7091;Manzanal;U709105
U7091;Pampa del Tajibo;U709106
U7091;Pulquina;U709107
U7091;Pulquina Arriba;U709108
U7091;San Isidro;U709109
U7091;San Jose de la Capilla;U709110
U7091;San Juan del Potrero -la Raya;U709111
U7091;Torrecillas;U709112
U7092;Chilon;U709201
U7092;Saipina;U709202
U7092;San Rafael;U709203
U7101;Candelaria;U710101
U7101;Comunidad la Embocada;U710102
U7101;Concepcion;U710103
U7101;El Carmen;U710104
U7101;El Porvenir;U710105
U7101;Integracion A;U710106
U7101;Integracion Amazonia del Norte;U710107
U7101;Las Mercedes Guayaba;U710108
U7101;Limoncito;U710109
U7101;Mercedes;U710110
U7101;Monte Olivo;U710111
U7101;Monte Verde;U710112
U7101;Nueva Esperanza;U710113
U7101;Palmarito de la Frontera;U710114
U7101;San Andres;U710115
U7101;San Fermin;U710116
U7101;San Jorge;U710117
U7101;San Juan de Laroca;U710118
U7101;San Miguelito;U710119
U7101;San Pablo Sur;U710120
U7101;San Pedro;U710121
U7101;San Silvestre;U710122
U7101;Santa Monica;U710123
U7101;Santa Rita;U710124
U7102;26 de Agosto;U710201
U7102;5 de Junio la Merced;U710202
U7102;Berlin los Troncos;U710203
U7102;Colonia Valle Esperanza Grupo Nueva Estrella Uno;U710204
U7102;Comunidad Centro Shalom;U710205
U7102;Cuatro Cañadas;U710206
U7102;Cuatro de Marzo;U710207
U7102;Fortin Libertad;U710208
U7102;Las Palmas;U710209
U7102;Linares;U710210
U7102;Los Olivos;U710211
U7102;Los Troncos;U710212
U7102;Manitoba;U710213
U7102;Monte Rico;U710214
U7102;Naciones Unidas;U710215
U7102;Nueva Enconada Caine;U710216
U7102;Nuevo Palmar;U710217
U7102;Porvenir;U710218
U7102;Puerto Cespedes;U710219
U7102;Puerto Rico;U710220
U7102;San Miguel de la Florida;U710221
U7102;San Miguel de los Angeles;U710222
U7102;Suegay;U710223
U7102;Villa Primavera;U710224
U7103;Coloradillo;U710301
U7103;Cornocal de Lomerio;U710302
U7103;El Cerrito de Lomerio;U710303
U7103;El Puquio Cristo Rey;U710304
U7103;Fatima;U710305
U7103;Florida;U710306
U7103;La Asunta de Lomerio;U710307
U7103;Las Tranca de Lomerio;U710308
U7103;Monterito de Lomerio;U710309
U7103;Palmira de Lomerio;U710310
U7103;Puesto Nuevo de Lomerio;U710311
U7103;Salinas de Lomerio;U710312
U7103;San Antonio de Lomerio;U710313
U7103;San Jose Obrero;U710314
U7103;San Lorenzo de Lomerio;U710315
U7103;San Pablo de Lomerio;U710316
U7103;San Simon;U710317
U7103;Santa Anita de Lomerio;U710318
U7103;Santo Rosario de Lomerio;U710319
U7103;Surusubi de Lomerio;U710320
U7103;Todos Santos;U710321
U7104;Cachuela España;U710401
U7104;Comunidad Indigena San Martin;U710402
U7104;La Senda;U710403
U7104;Monte Cristo;U710404
U7104;San Javier;U710405
U7104;San Jose Obrero;U710406
U7104;Villa Fatima;U710407
U7105;16 de Marzo;U710501
U7105;19 de Agosto;U710502
U7105;2 de Agosto;U710503
U7105;2 de Agosto N 66;U710504
U7105;Area 4;U710505
U7105;Berlin los Troncos;U710506
U7105;Comunidad Campesina Primavera;U710507
U7105;Comunidad el Carmen Villa Montero;U710508
U7105;El Limonal Nucleo 32;U710509
U7105;El Plato;U710510
U7105;Fortin Libertad;U710511
U7105;Illimani Nucleo 29;U710512
U7105;La Asunta;U710513
U7105;Limoncito Rio Grande;U710514
U7105;Litoral;U710515
U7105;Los Angeles;U710516
U7105;Nucleo 70 Segunda Milla;U710517
U7105;Nueva Vida Nucleo 14;U710518
U7105;Porvenir;U710519
U7105;Puerto Pacay;U710520
U7105;San Andres;U710521
U7105;San Julian;U710522
U7105;San Martin;U710523
U7105;San Miguel Nucleo 17;U710524
U7105;San Miguelito;U710525
U7105;San Salvador N 38;U710526
U7105;Villa Paraiso;U710527
U7105;Villa Victoria;U710528
U7106;San Ramon;U710601
U7111;Aguahi;U711101
U7111;Betania;U711102
U7111;Chane Independencia;U711103
U7111;Comunidad Rusa Toborochi;U711104
U7111;Fernandez Alonso;U711105
U7111;Las Parabas;U711106
U7111;San Marcos;U711107
U7111;Tunari;U711108
U7112;12 de Octubre;U711201
U7112;27 de Mayo;U711202
U7112;Aroma Dos;U711203
U7112;Chane Bedoya;U711204
U7112;Cruz Soleto;U711205
U7112;El Fortin;U711206
U7112;General Saavedra;U711207
U7112;Mariscal Sucre;U711208
U7112;Pico de Monte;U711209
U7112;Poza Caimanes;U711210
U7112;Puente Caimanes;U711211
U7112;San Lorenzo;U711212
U7112;Villa Copacabana;U711213
U7112;Villa Esterita;U711214
U7112;Villa Santa Maria;U711215
U7113;6 de Agosto;U711301
U7113;Alianza;U711302
U7113;Comunidad Santa Rosita;U711303
U7113;Cuatro Ojitos;U711304
U7113;El Chuchial;U711305
U7113;La Patria;U711306
U7113;La Porfia;U711307
U7113;Las Marotas;U711308
U7113;Litoral;U711309
U7113;Los Naranjos;U711310
U7113;Manchego;U711311
U7113;Mineros;U711312
U7113;Paichanetu;U711313
U7113;Pueblo Nuevo;U711314
U7113;Puesto Arenas;U711315
U7113;Rio Viejo;U711316
U7113;San Juan del Carmen;U711317
U7113;San Lorenzo;U711318
U7113;San Martin;U711319
U7114;Montero;U711401
U7115;El Carmen;U711501
U7115;Hardeman;U711502
U7115;La Planchada;U711503
U7115;Litoral;U711504
U7115;Murillo;U711505
U7115;Sagrado Corazon;U711506
U7115;San Jose del Norte;U711507
U7115;San Juan del Pirai;U711508
U7115;San Pedro;U711509
U7115;San Silvestre;U711510
U7115;Villa Rosario;U711511
U7121;Camalotal;U712101
U7121;La Belgica;U712102
U7122;El Torno;U712201
U7122;Portachuelo;U712202
U7122;San Ignacio del Sara;U712203
U7122;San Juan de Palometillas;U712204
U7123;2 de Agosto;U712301
U7123;4 de Junio;U712302
U7123;4 de Marzo;U712303
U7123;Azubi;U712304
U7123;Bellas Niguas;U712305
U7123;Canandoa;U712306
U7123;El Colorado;U712307
U7123;El Recreo;U712308
U7123;Galilea;U712309
U7123;Las Pavas;U712310
U7123;Loma Alta;U712311
U7123;Los Andes;U712312
U7123;Monte Rico;U712313
U7123;Palometas;U712314
U7123;Peta Grande;U712315
U7123;Rincon de Palometas;U712316
U7123;Rio Nuevo;U712317
U7123;San Luis;U712318
U7123;San Miguel;U712319
U7123;Santa Rosa del Sara;U712320
U7123;Sind. Agrario 4 de Marzo;U712321
U7123;Sindicato Agrario la Planchada Ii;U712322
U7123;Sindicato Copacabana;U712323
U7123;Villa 14 de Septiembre;U712324
U7123;Virgen de Guadalupe;U712325
U7131;Abra del Astillero;U713101
U7131;Abra Grande;U713102
U7131;Ariruma;U713103
U7131;La Laja;U713104
U7131;Moro Moro;U713105
U7131;San Jose Barrial;U713106
U7132;Postrervalle;U713201
U7132;San Juan de la Ladera;U713202
U7133;Pucara;U713301
U7134;Comunidad Campesina Cochabambita;U713401
U7134;Lagunillas;U713402
U7134;Muyurina;U713403
U7134;Trigal;U713404
U7135;Alto Seco;U713501
U7135;Guadalupe;U713502
U7135;Masicuri;U713503
U7135;San Juan del Chaco;U713504
U7135;Santa Ana;U713505
U7135;Vado del Yeso;U713506
U7135;Vallegrande;U713507
U7141;15 de Agosto;U714101
U7141;16 de Agosto;U714102
U7141;Agroecologica Montero;U714103
U7141;Bolivar Papayo;U714104
U7141;Candelaria de Noza;U714105
U7141;Carmen de Ruiz;U714106
U7141;Carmencita de Alto Paragua;U714107
U7141;Centro Poblado Campamento Alto Paragua;U714108
U7141;Chirimoyas;U714109
U7141;Cruz de Soliz;U714110
U7141;Espiritu;U714111
U7141;Florida;U714112
U7141;Guadalupe;U714113
U7141;Palmarito Alto Paragua;U714114
U7141;Porvenir;U714115
U7141;San Antonio;U714116
U7141;San Antonio de Santa Rosa;U714117
U7141;San Antonio del Cerro;U714118
U7141;San Bartolo de la Frontera;U714119
U7141;San Francisco;U714120
U7141;San Ignacio de Velasco;U714121
U7141;San Ignacito de Colorado;U714122
U7141;San Javierito;U714123
U7141;San Juancito;U714124
U7141;San Luisito;U714125
U7141;San Martin;U714126
U7141;San Miguelito;U714127
U7141;San Pedro Alta Vista;U714128
U7141;San Rafaelito;U714129
U7141;San Rafaelito de Suponema;U714130
U7141;San Vicente de la Frontera;U714131
U7141;Santa Ana;U714132
U7141;Santa Clara de la Estrella;U714133
U7141;Santa Maria;U714134
U7141;Santa Rosa de Roca;U714135
U7141;Sañonama;U714136
U7141;Tierra Firme;U714137
U7141;Tierra Hermosa;U714138
U7141;Villa Nueva Paraiso;U714139
U7142;San Juan de Lomerio;U714201
U7142;San Miguel;U714202
U7142;San Pedro de Sapoco;U714203
U7142;Villa Cruz;U714204
U7143;El Tuna;U714301
U7143;San Rafael;U714302
U7151;El Carmen;U715101
U7151;Junta Pailon;U715102
U7151;Los Angeles;U715103
U7151;Monte Verde;U715104
U7151;Nueva Aurora;U715105
U7151;Nueva Esperanza;U715106
U7151;Nuevo Horizonte;U715107
U7151;Okinawa Dos;U715108
U7151;Okinawa Uno;U715109
U7151;Puerto Nuevo;U715110
U7151;Rancho Chico;U715111
U7151;San Miguel;U715112
U7151;Valle Chico los Limones;U715113
U7151;Villa Reyes;U715114
U7152;Azusaqui;U715201
U7152;Barrial;U715202
U7152;Candelaria;U715203
U7152;Chane Justiniano;U715204
U7152;Clara Chuchio;U715205
U7152;Coloradillo;U715206
U7152;El Copaibo;U715207
U7152;El Tajibo;U715208
U7152;Juan Latino;U715209
U7152;La Abrita;U715210
U7152;La Esperanza;U715211
U7152;La Finca;U715212
U7152;La Marina;U715213
U7152;La Reforma;U715214
U7152;Las Barreras;U715215
U7152;Las Gamas;U715216
U7152;Los Chacos;U715217
U7152;Motacu Chuchio;U715218
U7152;Naranjal;U715219
U7152;San Marino;U715220
U7152;Santa Cecilia;U715221
U7152;Tapera;U715222
U7152;Turobito;U715223
U7152;Urb. Villa Real;U715224
U7152;Villa Barrientos;U715225
U7152;Villa el Carmen;U715226
U7152;Warnes;U715227
U8011;San Javier;U801101
U8011;San Pedro;U801102
U8012;Casarabe;U801201
U8012;Loma Suarez;U801202
U8012;Puerto Almacen;U801203
U8012;Puerto Geralda;U801204
U8012;Puerto Varador;U801205
U8012;Trinidad;U801206
U8021;Rurrenabaque;U802101
U8022;Reyes;U802201
U8023;El Palmar;U802301
U8023;Galilea;U802302
U8023;La Cruz;U802303
U8023;La Embocada;U802304
U8023;San Borja;U802305
U8023;Urbanizacion Paraiso;U802306
U8023;Villa Gonzales;U802307
U8023;Yucumo;U802308
U8024;El Triunfo;U802401
U8024;Santa Rosa de Yacuma;U802402
U8031;Baures;U803101
U8031;Montecristo de Tiquin;U803102
U8031;Piso Firme;U803103
U8031;Puerto Villazón (cafetal);U803104
U8031;Remanso;U803105
U8032;El Carmen;U803201
U8032;Huacaraje;U803202
U8033;Bella Vista;U803301
U8033;Magdalena;U803302
U8033;Orobayaya;U803303
U8041;Santa Rosa de Vigo;U804101
U8042;San Joaquin;U804201
U8042;San Juan de Puerto Ustarez;U804202
U8043;San Ramon;U804301
U8051;Camiaco;U805101
U8051;Loreto;U805102
U8051;Sachojere;U805103
U8051;Santa Rosa del Isiboro;U805104
U8052;Elvira;U805201
U8052;Peroto;U805202
U8052;Puente San Pablo;U805203
U8052;San Andres;U805204
U8052;San Lorenzo;U805205
U8052;Santa Rosa;U805206
U8052;Villa Banzer;U805207
U8061;Bermeo;U806101
U8061;El Desengaño;U806102
U8061;Mercedes de Lojojota;U806103
U8061;San Francisco;U806104
U8061;San Ignacio de Moxos;U806105
U8061;San Lorenzo;U806106
U8061;Santisima Trinidad;U806107
U8071;Monte Grande del Apere;U807101
U8071;Pueblo Nuevo;U807102
U8071;San Jose del Cavitu;U807103
U8071;Santa Rosa;U807104
U8081;Cachuela Esperanza;U808101
U8081;Guayaramerin;U808102
U8081;Rosario del Yata;U808103
U8081;Villa Purisima;U808104
U8082;12 de Octubre;U808201
U8082;La Esperanza;U808202
U8082;Riberalta;U808203
U8091;Exaltacion;U809101
U8092;Rosario del Apere;U809201
U8092;Santa Ana del Yacuma;U809202
U8092;Totaizal;U809203
U9011;Humaita;U901101
U9012;1ro de Mayo;U901201
U9012;Mariscal Antonio Jose de Sucre;U901202
U9012;Puerto Morales Ayma;U901203
U9012;Santa Rosa;U901204
U9021;Arca de Israel;U902101
U9021;Nueva Esperanza;U902102
U9022;Reserva Ii;U902201
U9023;Loma Alta;U902301
U9031;Agua Dulce;U903101
U9031;Candelaria;U903102
U9031;Gonzalo Moreno;U903103
U9031;Las Piedras;U903104
U9031;Miraflores;U903105
U9031;Portachuelo;U903106
U9032;Blanca Flor;U903201
U9032;Galilea;U903202
U9032;Naranjal;U903203
U9032;San Salvador;U903204
U9032;Trinidacito;U903205
U9032;Vista Alegre;U903206
U9033;El Sena;U903301
U9033;Palma Real;U903302
U9041;Chive;U904101
U9041;Filadelfia;U904102
U9041;Soberania Bella Vista;U904103
U9042;Batraja;U904201
U9042;Conquista;U904202
U9042;Puerto Rico;U904203
U9051;Mapajo;U905101
U9051;Montevideo Puerto Evo;U905102
U9051;Santa Lucia;U905103
U9052;Nareuda;U905201
U9053;Avaroa;U905301
U9053;Cobija;U905302
U9053;Mejillones;U905303
U9054;Porvenir;U905401
U9054;Villa Rojas;U905402
